first_name,last_name,email,gender,phone_number
Krystyna,Capel,kcapel0@harvard.edu,Female,487-102-0938
Jada,Testo,jtesto1@noaa.gov,Female,524-659-5006
Marlin,Di Matteo,mdimatteo2@delicious.com,Male,587-629-2181
Celestyn,Lynock,clynock3@mit.edu,Female,319-572-5866
Aurel,Chiddy,achiddy4@gmpg.org,Female,144-436-2332
Neall,Dayly,ndayly5@odnoklassniki.ru,Male,121-968-0369
Lou,Collison,lcollison6@ibm.com,Male,163-138-5488
Rriocard,D'orsay,rdorsay7@issuu.com,Male,879-626-8182
Odelinda,Woodyer,owoodyer8@wordpress.com,Female,985-337-5857
Engracia,Kamien,ekamien9@arstechnica.com,Female,732-814-1628
Pyotr,Canning,pcanninga@slate.com,Male,152-523-0056
Laney,Jeffreys,ljeffreysb@360.cn,Male,487-430-4329
Moira,Craven,mcravenc@clickbank.net,Female,715-371-1790
Mimi,Bowcher,mbowcherd@ibm.com,Female,354-159-6429
Patten,Etter,pettere@hugedomains.com,Male,768-544-1936
Clarice,Dewsbury,cdewsburyf@prweb.com,Female,253-868-3413
Whitney,Cornelleau,wcornelleaug@nih.gov,Male,284-771-1374
Dirk,Cushe,dcusheh@live.com,Male,611-874-3566
Gaye,Trunchion,gtrunchioni@ow.ly,Female,975-605-5521
Fanya,Draisey,fdraiseyj@telegraph.co.uk,Female,227-996-9374
Alberto,Stonuary,astonuaryk@reverbnation.com,Male,854-652-7429
Clevie,Cork,ccorkl@issuu.com,Male,510-328-3430
Harvey,Montfort,hmontfortm@virginia.edu,Male,742-735-3420
Alla,Gally,agallyn@ask.com,Female,410-973-8863
Clarette,Rebeiro,crebeiroo@mozilla.com,Female,944-178-0151
Jackelyn,Elwell,jelwellp@gnu.org,Female,202-146-4360
Cariotta,Kern,ckernq@kickstarter.com,Female,727-145-1095
Eloise,Wipfler,ewipflerr@odnoklassniki.ru,Female,263-423-2783
Alejandro,Simecek,asimeceks@desdev.cn,Male,203-970-3615
Sutton,Vaux,svauxt@phoca.cz,Male,228-855-9905
Chelsey,Catherine,ccatherineu@senate.gov,Female,874-404-7998
Josiah,Laister,jlaisterv@elpais.com,Male,503-693-3936
Baryram,Almeida,balmeidaw@java.com,Male,506-526-9855
Zitella,Krout,zkroutx@msn.com,Female,329-594-0926
Fayina,Brettelle,fbrettelley@ehow.com,Female,219-348-7244
Ed,Appleby,eapplebyz@seattletimes.com,Male,865-932-0565
Vasilis,Spall,vspall10@yahoo.co.jp,Male,571-113-8332
Kingston,Rusbridge,krusbridge11@twitter.com,Male,182-462-5858
Janel,Dowd,jdowd12@dmoz.org,Female,251-802-3101
Winston,Cowling,wcowling13@blogs.com,Male,261-813-3463
Jami,Zemler,jzemler14@cdbaby.com,Female,469-636-2977
Star,Bengall,sbengall15@unblog.fr,Female,624-345-9999
Theodosia,Covelle,tcovelle16@purevolume.com,Female,378-404-4635
Irving,Blackmore,iblackmore17@networkadvertising.org,Male,554-390-8065
Osborn,Searle,osearle18@flickr.com,Male,580-712-4752
Doroteya,Mowlam,dmowlam19@epa.gov,Female,764-847-2847
Brooks,Minucci,bminucci1a@tumblr.com,Female,343-469-9920
Sanders,Keyme,skeyme1b@slideshare.net,Male,723-515-1256
Way,Capsey,wcapsey1c@google.pl,Male,561-134-0136
Nettie,Beinisch,nbeinisch1d@forbes.com,Female,964-572-2327
Willdon,Kleeborn,wkleeborn1e@de.vu,Male,315-467-6073
Cele,Spacey,cspacey1f@infoseek.co.jp,Female,226-875-6715
Merill,Strowger,mstrowger1g@blog.com,Male,466-141-1719
Tony,Bazek,tbazek1h@google.cn,Male,135-711-9940
Rosalia,Delacour,rdelacour1i@blogspot.com,Female,180-355-1617
Codi,Ridsdale,cridsdale1j@blog.com,Male,639-114-8131
Coralyn,Lambertini,clambertini1k@cafepress.com,Female,693-577-9888
Cesare,Cumbridge,ccumbridge1l@nytimes.com,Male,513-547-2141
Wayland,Karus,wkarus1m@360.cn,Male,589-311-6370
Iris,Cuseck,icuseck1n@smugmug.com,Female,847-798-6034
Rustin,Whicher,rwhicher1o@hostgator.com,Male,304-566-8422
Riccardo,Larose,rlarose1p@cnn.com,Male,534-395-6927
Dill,Ormesher,dormesher1q@independent.co.uk,Male,504-612-5907
Debor,Holcroft,dholcroft1r@seattletimes.com,Female,834-556-3762
Fanchon,Carette,fcarette1s@imdb.com,Female,414-559-1204
Hillel,Clayton,hclayton1t@tamu.edu,Male,817-627-3672
Romain,Fairs,rfairs1u@indiatimes.com,Male,907-424-0794
Ewan,Ambroziak,eambroziak1v@mashable.com,Male,818-655-0719
Celisse,Dashkov,cdashkov1w@gmpg.org,Female,916-686-7736
Gavin,Coursor,gcoursor1x@gizmodo.com,Male,650-368-3704
Charlotte,Orhrt,corhrt1y@stumbleupon.com,Female,121-258-2684
Linell,Barroux,lbarroux1z@vkontakte.ru,Female,806-449-8317
Jemimah,Simonassi,jsimonassi20@sbwire.com,Female,808-548-1698
Erhart,Granger,egranger21@flavors.me,Male,361-412-2849
Christy,Larive,clarive22@imageshack.us,Female,246-728-7746
Ekaterina,Vida,evida23@dedecms.com,Female,868-114-8195
Mirabelle,Snare,msnare24@walmart.com,Female,358-763-4201
Aluin,Meckiff,ameckiff25@theatlantic.com,Male,427-724-9959
Marcelo,Axby,maxby26@instagram.com,Male,561-360-5440
Brig,Kaszper,bkaszper27@eepurl.com,Male,652-918-5592
Kass,Keeltagh,kkeeltagh28@pen.io,Female,722-226-1350
Derrick,Darlison,ddarlison29@fda.gov,Male,254-503-8416
Arron,Rubartelli,arubartelli2a@weibo.com,Male,222-527-0583
Wallace,Crosston,wcrosston2b@indiegogo.com,Male,916-151-6592
Cacilie,Robottom,crobottom2c@nba.com,Female,324-363-5849
Colette,Nunns,cnunns2d@eventbrite.com,Female,518-405-7530
Alley,Montacute,amontacute2e@fotki.com,Male,581-657-3174
Sibylle,Lodeke,slodeke2f@jugem.jp,Female,716-909-0571
Glennis,Hawksworth,ghawksworth2g@alexa.com,Female,536-982-0612
Anderson,Kisar,akisar2h@kickstarter.com,Male,445-540-2362
Fair,Bampton,fbampton2i@apache.org,Male,529-748-8283
Alfie,Peel,apeel2j@google.co.uk,Female,899-348-0114
Sella,Hunnawill,shunnawill2k@netvibes.com,Female,762-478-3907
Giacinta,Enden,genden2l@chronoengine.com,Female,888-703-0813
Tudor,Newbegin,tnewbegin2m@tinypic.com,Male,679-197-4402
Laurel,Jerzyk,ljerzyk2n@indiatimes.com,Female,708-218-4922
Kimberlee,Yardley,kyardley2o@xrea.com,Female,748-361-8999
Sutton,Elcocks,selcocks2p@washington.edu,Male,847-669-5889
Mose,Stonbridge,mstonbridge2q@myspace.com,Male,959-222-2295
Etienne,Mithun,emithun2r@reverbnation.com,Male,836-699-7684
Lukas,Claremont,lclaremont2s@nasa.gov,Male,317-465-4800
Kirstyn,Stading,kstading2t@blogtalkradio.com,Female,896-322-1307
Sheelah,Rowantree,srowantree2u@miitbeian.gov.cn,Female,609-668-1840
Barron,Althorpe,balthorpe2v@wsj.com,Male,523-863-9114
Adham,Mullarkey,amullarkey2w@stumbleupon.com,Male,517-430-6340
Bab,Dorrington,bdorrington2x@nymag.com,Female,630-485-8770
Gherardo,Bouskill,gbouskill2y@webmd.com,Male,501-539-7173
Derk,Goodge,dgoodge2z@boston.com,Male,651-991-4481
Kristoforo,Satterley,ksatterley30@indiegogo.com,Male,676-190-0689
Adelbert,Olivas,aolivas31@techcrunch.com,Male,128-831-6795
Norbert,Kellitt,nkellitt32@live.com,Male,981-706-2915
Lea,Ibanez,libanez33@github.com,Female,529-823-6715
Hetty,Fury,hfury34@t-online.de,Female,260-390-0784
Chevalier,Pfleger,cpfleger35@123-reg.co.uk,Male,167-153-9648
Raleigh,Ladbrook,rladbrook36@alexa.com,Male,621-751-7662
Gilburt,Preddy,gpreddy37@unc.edu,Male,838-487-2276
Ariana,Brimman,abrimman38@newsvine.com,Female,980-429-1143
Pebrook,Hovee,phovee39@alexa.com,Male,950-772-4486
Marianna,Mil,mmil3a@shutterfly.com,Female,362-950-6621
Leoine,Lyddon,llyddon3b@xinhuanet.com,Female,925-686-7762
Kasper,Jandl,kjandl3c@nytimes.com,Male,182-888-9576
Rolland,Morphet,rmorphet3d@wikispaces.com,Male,119-546-3515
Egan,Athelstan,eathelstan3e@mlb.com,Male,267-503-0421
Heda,Henlon,hhenlon3f@forbes.com,Female,416-618-1387
Sara,Caldecot,scaldecot3g@vistaprint.com,Female,206-632-4033
Mauricio,Fazan,mfazan3h@cbc.ca,Male,912-614-8723
Baron,Rubenczyk,brubenczyk3i@google.cn,Male,197-566-3996
Arther,Gut,agut3j@aboutads.info,Male,257-876-8809
Far,Dillestone,fdillestone3k@nationalgeographic.com,Male,659-626-3857
Beauregard,Opfer,bopfer3l@bravesites.com,Male,958-393-7383
Ermina,Samber,esamber3m@mysql.com,Female,444-758-2430
Katine,Lightbourn,klightbourn3n@cnet.com,Female,672-539-3973
Noami,Boyack,nboyack3o@loc.gov,Female,400-222-7388
Georgie,Gillham,ggillham3p@bandcamp.com,Male,695-248-2283
Madlin,Rickasse,mrickasse3q@npr.org,Female,325-418-2722
Alleyn,Yatman,ayatman3r@go.com,Male,299-930-7774
Allis,Baxendale,abaxendale3s@irs.gov,Female,230-799-4970
Lucio,Pennino,lpennino3t@gravatar.com,Male,412-481-2712
Carver,Rising,crising3u@cisco.com,Male,995-128-0878
Carlita,Penticoot,cpenticoot3v@nyu.edu,Female,173-537-0103
Calhoun,Kemp,ckemp3w@hhs.gov,Male,867-433-6893
Mischa,Rowesby,mrowesby3x@ezinearticles.com,Male,541-557-1592
Blythe,Knevit,bknevit3y@naver.com,Female,774-329-5516
Ulrikaumeko,Jilliss,ujilliss3z@icq.com,Female,805-324-0951
Miller,Himpson,mhimpson40@omniture.com,Male,502-532-0619
Derward,Cordingley,dcordingley41@t-online.de,Male,675-113-1720
Delmer,Gillian,dgillian42@amazon.co.uk,Male,250-831-3080
Nathanael,Boskell,nboskell43@prweb.com,Male,455-261-3116
Dynah,Glanister,dglanister44@sohu.com,Female,997-253-5211
Cornelle,Keddey,ckeddey45@elegantthemes.com,Female,842-779-4415
Agata,Huonic,ahuonic46@amazon.com,Female,633-123-8017
Hollie,McCreath,hmccreath47@latimes.com,Female,735-288-6244
Easter,Smithson,esmithson48@nsw.gov.au,Female,516-514-6157
Zebadiah,Frise,zfrise49@spotify.com,Male,189-864-8214
Farleigh,Blann,fblann4a@booking.com,Male,624-482-1479
Garreth,Le Galle,glegalle4b@msn.com,Male,262-645-3326
Porter,Averay,paveray4c@meetup.com,Male,392-501-9099
Natassia,Troyes,ntroyes4d@vistaprint.com,Female,581-995-7118
Cassi,Ofer,cofer4e@blogs.com,Female,572-659-6564
Blane,Capell,bcapell4f@cnet.com,Male,713-502-6605
Rafe,Kimmings,rkimmings4g@yahoo.co.jp,Male,441-756-0986
Thornton,Colenutt,tcolenutt4h@ovh.net,Male,639-601-4123
Cash,Mougeot,cmougeot4i@whitehouse.gov,Male,617-755-2381
Arlyne,Vickerman,avickerman4j@edublogs.org,Female,543-137-7844
Stanislaw,Coatham,scoatham4k@marriott.com,Male,432-819-8178
Phyllys,Musso,pmusso4l@meetup.com,Female,912-697-1697
Randie,Rozsa,rrozsa4m@sogou.com,Male,578-847-0389
Stephenie,Stickney,sstickney4n@icio.us,Female,999-198-2740
Tyler,Clyne,tclyne4o@accuweather.com,Male,376-755-7446
Shadow,Srawley,ssrawley4p@scribd.com,Male,315-307-6952
Si,Ivancevic,sivancevic4q@columbia.edu,Male,831-329-5295
Abner,Bartholin,abartholin4r@scribd.com,Male,187-221-4872
Heloise,Stoker,hstoker4s@friendfeed.com,Female,136-487-8922
Zonda,McCome,zmccome4t@businessweek.com,Female,389-797-5518
Sean,Tarbert,starbert4u@ask.com,Male,832-320-5940
Veronike,Stoneley,vstoneley4v@wordpress.com,Female,190-829-8015
Bayard,Davson,bdavson4w@sakura.ne.jp,Male,662-103-5399
Vevay,Simmonds,vsimmonds4x@prlog.org,Female,699-927-5430
Marguerite,Staniland,mstaniland4y@hubpages.com,Female,885-799-6409
Zacharias,Dewicke,zdewicke4z@yahoo.co.jp,Male,310-672-3717
Trix,Pahler,tpahler50@smh.com.au,Female,526-744-8604
Lishe,Meneghelli,lmeneghelli51@bigcartel.com,Female,594-793-9011
Rolph,Czadla,rczadla52@desdev.cn,Male,239-241-6708
Saunderson,Dymond,sdymond53@edublogs.org,Male,262-513-8721
Wallas,Armor,warmor54@howstuffworks.com,Male,358-638-2910
Sashenka,Mcwhinney,smcwhinney55@networkadvertising.org,Female,371-572-0842
Dido,Eagles,deagles56@csmonitor.com,Female,922-202-5975
Kelvin,Edmand,kedmand57@scientificamerican.com,Male,661-917-9317
Eadith,Ivanilov,eivanilov58@si.edu,Female,844-870-6833
Pooh,McGreal,pmcgreal59@redcross.org,Female,773-709-7812
Ofella,Wychard,owychard5a@networkadvertising.org,Female,616-673-6458
Dario,Mendez,dmendez5b@nationalgeographic.com,Male,545-123-9561
Trixy,Arents,tarents5c@ibm.com,Female,228-833-7995
Anderson,Smidmoor,asmidmoor5d@privacy.gov.au,Male,206-302-3909
Hazel,McCambridge,hmccambridge5e@narod.ru,Female,419-510-7372
Jule,Lorie,jlorie5f@g.co,Male,750-630-6289
Tab,Dignon,tdignon5g@npr.org,Male,697-429-9541
Christel,Kobpac,ckobpac5h@altervista.org,Female,715-360-1042
Brigham,Fenne,bfenne5i@wisc.edu,Male,235-430-5465
Finley,D'Ugo,fdugo5j@princeton.edu,Male,571-349-2074
Anselm,Brooke,abrooke5k@privacy.gov.au,Male,958-963-7110
Lisha,Addenbrooke,laddenbrooke5l@jiathis.com,Female,205-301-2019
Karleen,Bruckman,kbruckman5m@examiner.com,Female,771-748-2363
Elizabet,Fairbanks,efairbanks5n@uol.com.br,Female,685-764-5086
Morganne,Labat,mlabat5o@washington.edu,Female,651-264-8841
Frannie,McArley,fmcarley5p@cnet.com,Female,172-418-5071
Ollie,Harbar,oharbar5q@nasa.gov,Male,268-918-2478
Dorene,Staden,dstaden5r@youtu.be,Female,723-811-4654
Sawyer,Ailmer,sailmer5s@howstuffworks.com,Male,568-955-0390
Pierrette,Borth,pborth5t@hc360.com,Female,334-436-9391
Goddard,Witherington,gwitherington5u@mit.edu,Male,870-103-0644
Dianemarie,Ridel,dridel5v@ted.com,Female,800-251-5032
Ellynn,Clethro,eclethro5w@digg.com,Female,952-456-6783
Saw,Leeburn,sleeburn5x@webnode.com,Male,325-751-8935
Almeta,Westmore,awestmore5y@woothemes.com,Female,771-444-3997
Sergio,Pracy,spracy5z@networksolutions.com,Male,428-938-7427
Felisha,Fogg,ffogg60@shinystat.com,Female,618-731-2221
Cass,Bandt,cbandt61@ft.com,Female,865-128-2550
Douglas,Stolberg,dstolberg62@mozilla.com,Male,734-943-8781
Thedric,Inglis,tinglis63@vkontakte.ru,Male,187-656-2950
Luella,Gransden,lgransden64@kickstarter.com,Female,801-534-7775
Ly,Cantle,lcantle65@webs.com,Male,201-483-2308
Anthia,Kiffe,akiffe66@telegraph.co.uk,Female,940-158-6015
Esme,Croster,ecroster67@wiley.com,Male,700-668-5009
Ernestine,Feckey,efeckey68@netlog.com,Female,997-859-2425
Jarrod,Pingstone,jpingstone69@economist.com,Male,311-837-5842
Hortense,Cracknell,hcracknell6a@unblog.fr,Female,229-730-9084
Bendicty,Domenget,bdomenget6b@archive.org,Male,320-893-9081
Stanford,Koles,skoles6c@bigcartel.com,Male,339-929-1273
Mercedes,Sayes,msayes6d@addthis.com,Female,907-532-6841
Bebe,Alfonsini,balfonsini6e@fda.gov,Female,664-595-4272
Bruis,Brocket,bbrocket6f@gravatar.com,Male,156-411-6149
Basilio,Westhofer,bwesthofer6g@sohu.com,Male,197-555-3368
Shayne,Peplaw,speplaw6h@livejournal.com,Male,810-877-2559
Iggie,Pratty,ipratty6i@independent.co.uk,Male,665-542-7225
Miguelita,Dulling,mdulling6j@samsung.com,Female,181-861-6057
Irwinn,Shellcross,ishellcross6k@ft.com,Male,436-822-1052
Farra,Van der Kruys,fvanderkruys6l@hhs.gov,Female,230-905-6924
Spence,Virr,svirr6m@google.de,Male,123-392-6519
Adolf,MacBean,amacbean6n@java.com,Male,550-255-8699
Carolee,Nattrass,cnattrass6o@icq.com,Female,872-256-2853
Sig,Kibbel,skibbel6p@theatlantic.com,Male,901-289-3564
Elita,Cow,ecow6q@independent.co.uk,Female,810-280-0772
Eduardo,Guppey,eguppey6r@jugem.jp,Male,254-478-2162
Korey,Amery,kamery6s@nytimes.com,Male,711-357-4981
Myles,Cianni,mcianni6t@auda.org.au,Male,489-612-8562
Zsazsa,Eberts,zeberts6u@hc360.com,Female,508-529-0488
Marijn,Dominguez,mdominguez6v@wix.com,Male,448-495-1880
Ethelred,Maingot,emaingot6w@bigcartel.com,Male,797-294-5907
Aurie,Gebhard,agebhard6x@addtoany.com,Female,266-635-2444
Lionel,Akess,lakess6y@hatena.ne.jp,Male,859-443-5117
Erek,Drinkall,edrinkall6z@home.pl,Male,711-145-1363
Corey,McKinie,cmckinie70@php.net,Male,549-402-6982
Sheffy,Dockrill,sdockrill71@mtv.com,Male,120-222-9255
Genovera,Gever,ggever72@odnoklassniki.ru,Female,942-595-8242
Goldie,Haycroft,ghaycroft73@skyrock.com,Female,197-608-7394
Rebeca,Castellone,rcastellone74@fc2.com,Female,889-306-0780
Tanner,Baddoe,tbaddoe75@engadget.com,Male,409-176-4376
Adore,Marioneau,amarioneau76@squarespace.com,Female,886-378-8617
Valentino,Mahon,vmahon77@people.com.cn,Male,318-662-0071
Angus,Redan,aredan78@typepad.com,Male,781-289-1278
Penny,Coraini,pcoraini79@disqus.com,Female,650-474-0996
Reid,Bunney,rbunney7a@webnode.com,Male,341-123-6512
Leonardo,Cars,lcars7b@a8.net,Male,296-623-2501
Demetris,Fidoe,dfidoe7c@ucla.edu,Female,313-543-8818
Kennedy,Lumsdon,klumsdon7d@illinois.edu,Male,291-139-4159
Percival,Daine,pdaine7e@yolasite.com,Male,206-972-0788
Scottie,Teml,steml7f@statcounter.com,Male,184-644-1554
Vidovic,Parkeson,vparkeson7g@cnbc.com,Male,966-551-9188
Janelle,Stopford,jstopford7h@yahoo.co.jp,Female,373-768-9786
Jorry,Deighton,jdeighton7i@abc.net.au,Female,571-192-2535
Nerissa,Midlar,nmidlar7j@nytimes.com,Female,594-350-4699
Elvis,Carleton,ecarleton7k@nsw.gov.au,Male,867-830-8025
Juliane,Hadaway,jhadaway7l@wordpress.org,Female,545-850-9400
Ward,Spillman,wspillman7m@skyrock.com,Male,598-188-8424
Dorree,Fibbitts,dfibbitts7n@ebay.com,Female,169-199-7339
Mair,Ritchie,mritchie7o@purevolume.com,Female,874-777-7901
Orran,McEttigen,omcettigen7p@toplist.cz,Male,812-474-9383
Bebe,Postill,bpostill7q@imgur.com,Female,740-551-6533
Phillip,Bryan,pbryan7r@cafepress.com,Male,867-202-5931
Georgette,Allsup,gallsup7s@mayoclinic.com,Female,978-154-9930
Larisa,Fawckner,lfawckner7t@wufoo.com,Female,748-735-3290
Adrienne,Killik,akillik7u@live.com,Female,586-756-3176
Job,Kear,jkear7v@addtoany.com,Male,264-724-8719
Wolfie,Vernham,wvernham7w@addthis.com,Male,802-495-4361
Sharron,Gillebride,sgillebride7x@narod.ru,Female,677-571-9795
Blaine,McAllan,bmcallan7y@privacy.gov.au,Male,927-136-4179
Corabelle,Menis,cmenis7z@aboutads.info,Female,122-606-7215
Aloise,Sheehy,asheehy80@addtoany.com,Female,813-513-6058
Bianka,Laste,blaste81@blogger.com,Female,910-196-9789
Tucky,Castaignet,tcastaignet82@bbc.co.uk,Male,934-938-6544
Nonna,Scain,nscain83@clickbank.net,Female,132-729-6292
Alaster,Dugall,adugall84@t-online.de,Male,134-175-2254
Sosanna,Bourdice,sbourdice85@google.fr,Female,338-721-6112
Philomena,Gocke,pgocke86@vimeo.com,Female,206-103-0245
Rustie,Longland,rlongland87@psu.edu,Male,520-526-7361
Arturo,Asbrey,aasbrey88@opera.com,Male,896-105-5121
Bar,Lahiff,blahiff89@wired.com,Male,872-105-2504
Ranique,Semken,rsemken8a@statcounter.com,Female,889-573-6359
Esma,Rawnsley,erawnsley8b@reuters.com,Female,726-860-5496
Wain,Corrington,wcorrington8c@state.tx.us,Male,575-536-5017
Fidelity,Charlwood,fcharlwood8d@is.gd,Female,201-777-3932
Freddi,Caunt,fcaunt8e@symantec.com,Female,719-735-8962
Cara,Rawlyns,crawlyns8f@walmart.com,Female,730-755-9041
Brannon,Gallard,bgallard8g@posterous.com,Male,365-408-0553
Asher,Granham,agranham8h@wisc.edu,Male,631-817-8552
Dorine,Delafont,ddelafont8i@whitehouse.gov,Female,315-565-5687
Carolan,Awty,cawty8j@goodreads.com,Female,887-631-5924
Demott,Harniman,dharniman8k@fotki.com,Male,295-882-7074
Gert,Bacop,gbacop8l@sogou.com,Female,274-707-0348
Durand,Rumsby,drumsby8m@qq.com,Male,616-846-9697
Richie,Fennell,rfennell8n@blogs.com,Male,288-322-5003
Keriann,Hunn,khunn8o@xing.com,Female,821-615-3566
Bobbie,Antonescu,bantonescu8p@discuz.net,Female,982-614-3983
Cammi,Ferneley,cferneley8q@ask.com,Female,270-865-3550
Concordia,Ferrers,cferrers8r@baidu.com,Female,803-319-7995
Joana,Romaines,jromaines8s@bloglovin.com,Female,246-676-1064
Wilek,Jonin,wjonin8t@php.net,Male,857-533-6614
Samaria,McGuire,smcguire8u@wikipedia.org,Female,233-732-0440
Sullivan,Clues,sclues8v@tripadvisor.com,Male,485-107-1260
Jami,Abbatini,jabbatini8w@bizjournals.com,Female,711-228-2645
Charles,Whyke,cwhyke8x@bandcamp.com,Male,868-128-5740
Orelle,Bennett,obennett8y@icio.us,Female,586-753-2526
Rosemaria,Giacomucci,rgiacomucci8z@google.pl,Female,567-253-1022
Samuele,Skelbeck,sskelbeck90@bbc.co.uk,Male,613-392-0079
Gard,Searles,gsearles91@aboutads.info,Male,358-897-5858
Katey,Burston,kburston92@psu.edu,Female,823-939-6030
Amabelle,Casbolt,acasbolt93@quantcast.com,Female,258-777-4512
Arlan,Ismay,aismay94@flickr.com,Male,317-251-4172
Tony,Mustard,tmustard95@mysql.com,Female,146-522-4587
Elia,Husband,ehusband96@boston.com,Male,694-528-8869
Tobin,Roskruge,troskruge97@boston.com,Male,831-402-5002
Gran,Keelan,gkeelan98@cbc.ca,Male,998-927-6864
Roley,Fucher,rfucher99@independent.co.uk,Male,154-906-2597
Paddie,Leap,pleap9a@free.fr,Male,240-951-4524
Agathe,Trevaskis,atrevaskis9b@independent.co.uk,Female,357-484-3137
Hilda,Jaslem,hjaslem9c@simplemachines.org,Female,330-291-8199
Perceval,Rohlfing,prohlfing9d@nydailynews.com,Male,509-953-3164
Brodie,Foran,bforan9e@mozilla.com,Male,487-690-7651
Zebulen,Hinkins,zhinkins9f@senate.gov,Male,629-254-1132
Weylin,Terrazzo,wterrazzo9g@wix.com,Male,498-329-7956
Harald,Rentilll,hrentilll9h@booking.com,Male,648-881-5300
Patty,Lazenbury,plazenbury9i@phoca.cz,Female,249-531-6626
Fernando,Stannering,fstannering9j@statcounter.com,Male,660-870-8461
Herminia,Shapland,hshapland9k@smugmug.com,Female,847-959-2714
Crystie,Byham,cbyham9l@alexa.com,Female,823-171-9444
Rhea,Pydcock,rpydcock9m@github.io,Female,353-466-1331
Robbi,Glendining,rglendining9n@nhs.uk,Female,976-796-3625
Nada,Miskimmon,nmiskimmon9o@omniture.com,Female,558-666-7520
Raymond,Halgarth,rhalgarth9p@scribd.com,Male,945-554-7482
Veradis,Parken,vparken9q@harvard.edu,Female,969-357-4657
Maren,Ireson,mireson9r@epa.gov,Female,611-357-4418
Giovanna,Playford,gplayford9s@umich.edu,Female,611-434-6202
Bernita,Colnett,bcolnett9t@elpais.com,Female,621-821-2951
Rustie,Romanin,rromanin9u@google.com.hk,Male,741-870-0703
Sosanna,Goricke,sgoricke9v@ehow.com,Female,675-560-3003
Joye,Thrasher,jthrasher9w@ihg.com,Female,564-668-7062
Suzette,Moggie,smoggie9x@discuz.net,Female,115-409-4251
Fidole,Mieville,fmieville9y@ustream.tv,Male,458-642-9564
Vachel,Duetsche,vduetsche9z@amazon.co.jp,Male,190-977-0515
Chryste,Betje,cbetjea0@princeton.edu,Female,256-579-7288
Cathrine,Lown,clowna1@live.com,Female,773-183-3579
Adham,Gibbin,agibbina2@behance.net,Male,745-186-3891
Averyl,Camblin,acamblina3@yellowpages.com,Female,409-901-2142
Nonna,Lupson,nlupsona4@opensource.org,Female,674-131-7555
Clive,Lemmens,clemmensa5@skype.com,Male,572-655-1400
Sydney,Oakenford,soakenforda6@dagondesign.com,Female,675-385-3670
Davey,Boys,dboysa7@shutterfly.com,Male,821-834-1429
Alleyn,Newvell,anewvella8@china.com.cn,Male,924-910-4712
Tracie,Probin,tprobina9@wunderground.com,Male,635-905-0258
Hagan,Kell,hkellaa@earthlink.net,Male,308-832-6587
Miguela,Fingleton,mfingletonab@bbb.org,Female,258-651-9266
Wayne,Baike,wbaikeac@hugedomains.com,Male,184-483-1693
Tally,Reaveley,treaveleyad@yolasite.com,Male,784-610-7815
Jasun,Knowler,jknowlerae@dedecms.com,Male,376-711-1128
Jada,Mc Ilwrick,jmcilwrickaf@blogs.com,Female,639-817-4533
Thorndike,Grzegorzewski,tgrzegorzewskiag@whitehouse.gov,Male,204-843-5760
Ileana,Somersett,isomersettah@aboutads.info,Female,303-227-6196
Teddi,Ibbett,tibbettai@netvibes.com,Female,276-755-2756
Nappie,Shingler,nshingleraj@china.com.cn,Male,750-322-2268
Brianna,Western,bwesternak@ox.ac.uk,Female,432-495-6866
Walsh,McKniely,wmcknielyal@nhs.uk,Male,858-762-3221
Lexi,Aymerich,laymericham@house.gov,Female,753-153-1280
Ninnetta,Ivashechkin,nivashechkinan@sohu.com,Female,288-354-4323
Gonzalo,Nielson,gnielsonao@msn.com,Male,397-969-3436
Charlotte,Watson-Brown,cwatsonbrownap@hao123.com,Female,838-499-6424
Zaccaria,Perin,zperinaq@github.com,Male,326-649-0083
Vincenz,Dubois,vduboisar@biglobe.ne.jp,Male,329-231-9798
Kippie,Magarrell,kmagarrellas@infoseek.co.jp,Male,184-877-0638
Blakeley,Ajsik,bajsikat@stanford.edu,Female,421-186-0453
Igor,Beneyto,ibeneytoau@who.int,Male,573-719-0973
Aguste,Wonham,awonhamav@amazon.co.jp,Male,337-503-4054
Burk,Ludmann,bludmannaw@google.com,Male,678-838-8572
Marti,Akess,makessax@hatena.ne.jp,Female,143-560-2386
Wheeler,Westraw,wwestraway@fotki.com,Male,858-997-9712
Larissa,Goldsworthy,lgoldsworthyaz@vimeo.com,Female,199-265-7813
Eduard,Ridding,eriddingb0@deviantart.com,Male,576-949-7688
Dag,Wigfall,dwigfallb1@technorati.com,Male,506-282-7224
Meriel,Pettett,mpettettb2@tuttocitta.it,Female,449-613-0369
Kleon,Byart,kbyartb3@walmart.com,Male,469-198-3760
Teodora,Day,tdayb4@phoca.cz,Female,182-488-6476
Austina,Robke,arobkeb5@scribd.com,Female,470-415-9673
Annamarie,Goudge,agoudgeb6@de.vu,Female,542-531-8314
Aldin,Hindge,ahindgeb7@shutterfly.com,Male,479-733-4985
Madel,Illingworth,millingworthb8@mayoclinic.com,Female,336-508-4526
Freddy,Alison,falisonb9@merriam-webster.com,Male,477-190-7523
Dilan,Cud,dcudba@unesco.org,Male,539-162-5496
Norry,Pitkethly,npitkethlybb@netvibes.com,Male,519-481-8553
Stearne,Skillen,sskillenbc@hexun.com,Male,400-501-9804
Rafaelita,Lambal,rlambalbd@marriott.com,Female,778-582-2042
Giustina,Siseland,gsiselandbe@godaddy.com,Female,354-191-7122
Herold,Aguilar,haguilarbf@ocn.ne.jp,Male,522-748-7323
Mile,Sein,mseinbg@google.it,Male,459-625-9313
Emmery,L'Hommee,elhommeebh@scribd.com,Male,175-681-3509
Evered,Menci,emencibi@about.me,Male,530-413-3323
Andria,Garrioch,agarriochbj@pen.io,Female,788-620-5870
Ev,Musterd,emusterdbk@va.gov,Male,770-693-4729
Zeke,Sinyard,zsinyardbl@behance.net,Male,996-690-1733
Eugine,Thorsen,ethorsenbm@about.com,Female,995-217-8008
Jsandye,Girod,jgirodbn@typepad.com,Female,896-610-7032
David,Lingfoot,dlingfootbo@npr.org,Male,677-807-3548
Lucas,Ville,lvillebp@nhs.uk,Male,274-337-9296
Sammy,Polleye,spolleyebq@ezinearticles.com,Male,552-545-9735
Gale,Corking,gcorkingbr@hhs.gov,Male,317-187-0232
Lynnea,Chasle,lchaslebs@bloomberg.com,Female,645-261-5102
Kimmie,Fazakerley,kfazakerleybt@ted.com,Female,477-877-3606
Philippa,Groundwator,pgroundwatorbu@redcross.org,Female,853-384-1654
Doralyn,Giraudou,dgiraudoubv@unblog.fr,Female,541-673-0975
Dorrie,Martinie,dmartiniebw@ox.ac.uk,Female,766-314-6431
Ogdon,Abbes,oabbesbx@sun.com,Male,770-481-8343
Veronique,Yearne,vyearneby@ucoz.ru,Female,763-114-1158
Marcello,Knobell,mknobellbz@usgs.gov,Male,636-394-2877
Zechariah,Leades,zleadesc0@webs.com,Male,436-468-8429
Irena,Soldan,isoldanc1@csmonitor.com,Female,952-611-2524
Caddric,Dainton,cdaintonc2@weebly.com,Male,985-810-7742
Jacky,Polack,jpolackc3@businessweek.com,Female,823-798-7673
Deborah,Ballaam,dballaamc4@xinhuanet.com,Female,355-184-7140
Christal,Thurstan,cthurstanc5@list-manage.com,Female,442-326-7195
Emmott,Birdwhistle,ebirdwhistlec6@sun.com,Male,477-720-9269
Kaylee,Dureden,kduredenc7@tmall.com,Female,664-160-4708
Kacie,Ricciardiello,kricciardielloc8@topsy.com,Female,776-455-5931
Niall,Rubinow,nrubinowc9@gizmodo.com,Male,208-652-0213
Eamon,Dominighi,edominighica@networksolutions.com,Male,657-942-5059
Kevon,Bilbee,kbilbeecb@ucsd.edu,Male,591-608-8173
Bord,Oolahan,boolahancc@weebly.com,Male,427-107-0268
Nial,Snaddin,nsnaddincd@google.es,Male,345-117-6480
Gerrard,Pichan,gpichance@ucla.edu,Male,843-927-9082
Cletus,Jayne,cjaynecf@mozilla.org,Male,609-861-9499
Richard,Tassell,rtassellcg@ustream.tv,Male,719-813-6548
Noam,Vautrey,nvautreych@ocn.ne.jp,Male,239-973-8946
Sophey,Critoph,scritophci@dion.ne.jp,Female,173-791-1694
Duncan,Minette,dminettecj@myspace.com,Male,924-554-5998
Helge,Humes,hhumesck@miibeian.gov.cn,Female,260-499-0188
Christabel,Perrelle,cperrellecl@prweb.com,Female,189-615-5822
Donal,Walbrun,dwalbruncm@fc2.com,Male,240-916-3939
Mortie,Bossingham,mbossinghamcn@princeton.edu,Male,171-374-4980
Thoma,Emblem,temblemco@ezinearticles.com,Male,433-419-8460
Dulcy,Semonin,dsemonincp@macromedia.com,Female,311-867-1309
Casper,Keymar,ckeymarcq@cmu.edu,Male,385-342-3455
Jodi,Junkin,jjunkincr@dot.gov,Male,362-911-1056
Codie,Arkwright,carkwrightcs@house.gov,Male,414-108-0348
Elberta,Lucius,eluciusct@columbia.edu,Female,757-455-1294
Duncan,Spritt,dsprittcu@privacy.gov.au,Male,367-843-6235
Gussie,Scawen,gscawencv@pen.io,Female,624-629-8616
Von,Halwill,vhalwillcw@seattletimes.com,Male,813-886-4930
Austin,Dael,adaelcx@latimes.com,Female,338-210-1431
Savina,Titchmarsh,stitchmarshcy@webnode.com,Female,746-318-1938
Matilda,Ferrulli,mferrullicz@ask.com,Female,791-702-1197
Brien,Blondelle,bblondelled0@mozilla.org,Male,558-675-0134
Mimi,Renehan,mrenehand1@nsw.gov.au,Female,753-442-6035
Gipsy,Roughley,groughleyd2@so-net.ne.jp,Female,698-488-7143
Becca,Giles,bgilesd3@cbsnews.com,Female,205-827-9217
Deck,Hinks,dhinksd4@dion.ne.jp,Male,856-230-1869
Dominic,Gomm,dgommd5@opera.com,Male,413-302-8027
Mabel,Andino,mandinod6@goodreads.com,Female,535-677-2516
Dennie,Oglesbee,doglesbeed7@rambler.ru,Male,103-267-0588
Pavel,Rickardsson,prickardssond8@google.com.hk,Male,470-506-4855
Bink,Daly,bdalyd9@miibeian.gov.cn,Male,449-455-5028
Reinhold,Bohea,rboheada@flavors.me,Male,437-234-5958
Alic,Troillet,atroilletdb@gravatar.com,Male,137-562-5138
Waverley,Mawditt,wmawdittdc@utexas.edu,Male,698-655-0166
Ramon,Berthe,rberthedd@blog.com,Male,348-306-2521
Adelind,Dyton,adytonde@samsung.com,Female,599-830-8063
Vivi,Hauxby,vhauxbydf@toplist.cz,Female,701-467-3541
Manny,Oldman,moldmandg@army.mil,Male,429-490-4782
Babbette,Storrs,bstorrsdh@scientificamerican.com,Female,607-301-0744
Winfield,Quare,wquaredi@posterous.com,Male,314-140-4738
Sigfried,Gilliat,sgilliatdj@opensource.org,Male,299-936-1517
Saxe,Nehlsen,snehlsendk@google.de,Male,423-562-6259
Vivia,Cordey,vcordeydl@google.ru,Female,270-143-4444
Garrott,Lamar,glamardm@nsw.gov.au,Male,790-941-8350
Yulma,Leithgoe,yleithgoedn@nsw.gov.au,Male,535-816-8558
Cal,Morant,cmorantdo@linkedin.com,Male,468-957-7561
Minne,Phillcock,mphillcockdp@hatena.ne.jp,Female,796-140-3733
Fancie,Bascombe,fbascombedq@ow.ly,Female,381-134-7165
Erinn,Bilsborrow,ebilsborrowdr@biblegateway.com,Female,519-520-8755
Ethelred,Antonignetti,eantonignettids@youtu.be,Male,461-770-1685
Kata,Ludford,kludforddt@wordpress.com,Female,784-945-6463
Brody,Rosendall,brosendalldu@cpanel.net,Male,633-331-5210
Boyce,Keene,bkeenedv@epa.gov,Male,332-519-0872
Luce,Aleksankin,laleksankindw@skyrock.com,Male,300-978-4085
Irwin,Plevin,iplevindx@tripadvisor.com,Male,399-173-9531
Fey,Gowrie,fgowriedy@comcast.net,Female,564-683-1427
Ambrose,Davidovits,adavidovitsdz@opera.com,Male,741-484-1841
Robinett,Farmar,rfarmare0@cargocollective.com,Female,534-398-0830
Herta,Glendza,hglendzae1@newsvine.com,Female,365-965-9972
Devonne,Cammock,dcammocke2@imageshack.us,Female,528-216-2060
Durante,Bailess,dbailesse3@accuweather.com,Male,753-730-1891
Dallas,Greeveson,dgreevesone4@bloglines.com,Female,566-242-2668
Barny,Learie,bleariee5@uiuc.edu,Male,655-268-2169
Alex,Sellan,asellane6@foxnews.com,Male,973-893-2406
Queenie,Piechnik,qpiechnike7@drupal.org,Female,283-421-8848
Lynea,Thursby,lthursbye8@un.org,Female,491-583-1222
Trixie,Eglington,teglingtone9@dagondesign.com,Female,455-717-3076
Felisha,Gook,fgookea@miibeian.gov.cn,Female,670-763-0515
Agustin,Beranek,aberanekeb@miibeian.gov.cn,Male,657-673-5114
Margo,Nyland,mnylandec@nba.com,Female,100-465-5667
Christoffer,Jouanny,cjouannyed@nps.gov,Male,884-156-6957
Barbabas,Hunting,bhuntingee@epa.gov,Male,323-857-1327
Ulick,Wellen,uwellenef@uiuc.edu,Male,606-634-2067
Demetri,Matzke,dmatzkeeg@arstechnica.com,Male,169-676-8690
Joseph,Hirsch,jhirscheh@cbslocal.com,Male,795-873-7427
Kevan,Durbann,kdurbannei@independent.co.uk,Male,691-865-8885
Naoma,Winterburn,nwinterburnej@hubpages.com,Female,848-482-8929
Winonah,Pecht,wpechtek@cbslocal.com,Female,493-343-9022
Bernhard,Maidstone,bmaidstoneel@nba.com,Male,407-216-8938
Torre,Lefort,tlefortem@netscape.com,Male,552-701-8685
Mirilla,Learie,mlearieen@pinterest.com,Female,312-441-6284
Rosemonde,Tann,rtanneo@miibeian.gov.cn,Female,286-670-0435
Berk,Cranny,bcrannyep@creativecommons.org,Male,936-243-6052
Leroi,Sidey,lsideyeq@xinhuanet.com,Male,938-982-4243
Isidora,Goncalo,igoncaloer@microsoft.com,Female,980-349-4804
Clayton,Dessaur,cdessaures@answers.com,Male,344-917-8803
Meredith,Emanulsson,memanulssonet@tinypic.com,Female,386-810-0307
Hilario,Ferro,hferroeu@weebly.com,Male,646-195-4916
Margi,Lobley,mlobleyev@nyu.edu,Female,370-567-4478
Costa,Hayer,chayerew@google.de,Male,102-339-4877
West,Aleksandrov,waleksandrovex@marriott.com,Male,352-149-4313
Ruthanne,Bickerstaffe,rbickerstaffeey@ezinearticles.com,Female,562-605-1854
Lanita,Eaken,leakenez@clickbank.net,Female,238-107-5995
Mufi,Rosevear,mrosevearf0@youku.com,Female,196-123-5490
Edsel,Castangia,ecastangiaf1@pcworld.com,Male,562-638-7149
Damita,Chamney,dchamneyf2@xinhuanet.com,Female,902-223-8224
Diena,Grimmett,dgrimmettf3@bloomberg.com,Female,316-463-3306
Willy,Posnett,wposnettf4@360.cn,Male,491-254-1883
Peyter,Eburah,peburahf5@tripadvisor.com,Male,435-213-1178
Cirillo,Chudleigh,cchudleighf6@sogou.com,Male,285-986-1932
Loy,Ponting,lpontingf7@bravesites.com,Male,436-760-9417
Christie,Bannerman,cbannermanf8@apache.org,Male,950-544-7720
Waverley,Parker,wparkerf9@va.gov,Male,732-571-2058
Gino,Knight,gknightfa@wikipedia.org,Male,185-444-3369
Eduardo,Scarce,escarcefb@nba.com,Male,751-550-3742
Zondra,Tweddell,ztweddellfc@jigsy.com,Female,178-265-6735
Shirl,Cantwell,scantwellfd@linkedin.com,Female,915-544-4138
Nahum,Sleicht,nsleichtfe@bing.com,Male,225-474-0743
Debee,Guilford,dguilfordff@wix.com,Female,967-603-9124
Freddy,Chatto,fchattofg@reference.com,Male,524-576-9340
Petra,Valasek,pvalasekfh@blogtalkradio.com,Female,404-649-9371
Albertine,Yesinin,ayesininfi@disqus.com,Female,639-822-3454
Cal,Stebbings,cstebbingsfj@mysql.com,Male,999-491-1217
Mignon,Avison,mavisonfk@blogspot.com,Female,168-984-4575
Olenka,Iacovides,oiacovidesfl@huffingtonpost.com,Female,247-680-8687
Irwin,Newlin,inewlinfm@icq.com,Male,594-837-7157
Sibyl,Dragoe,sdragoefn@alexa.com,Female,699-172-3995
Farlie,Byres,fbyresfo@symantec.com,Male,190-111-9175
Normy,Brent,nbrentfp@nationalgeographic.com,Male,179-394-1322
Sandor,Dennes,sdennesfq@wix.com,Male,682-713-9750
Hobie,Reolfi,hreolfifr@bigcartel.com,Male,680-408-3039
Addy,Blacklawe,ablacklawefs@ycombinator.com,Male,977-700-1877
Javier,Kinchington,jkinchingtonft@google.pl,Male,495-503-0555
Trude,Tilio,ttiliofu@independent.co.uk,Female,431-497-3019
Alessandra,Simmings,asimmingsfv@sohu.com,Female,168-582-6878
Freddi,Casolla,fcasollafw@shop-pro.jp,Female,574-304-4118
Barnabe,Challender,bchallenderfx@desdev.cn,Male,613-742-9175
Kippie,Schollick,kschollickfy@github.io,Female,579-455-8166
Karlen,Cadle,kcadlefz@dot.gov,Female,926-303-6535
Josie,Carrigan,jcarrigang0@deliciousdays.com,Female,580-969-9997
Thor,Headey,theadeyg1@engadget.com,Male,345-292-0411
Dallas,Passmore,dpassmoreg2@businesswire.com,Female,311-765-1777
Mendie,Gehringer,mgehringerg3@sbwire.com,Male,694-910-5692
Toma,Danilin,tdaniling4@t.co,Female,524-803-4127
Tad,Bartram,tbartramg5@home.pl,Male,781-562-2903
Genna,Folliss,gfollissg6@technorati.com,Female,315-917-8169
Jeanette,Wealthall,jwealthallg7@booking.com,Female,360-668-3149
Donn,Wallworke,dwallworkeg8@ovh.net,Male,105-327-1192
Brion,Chancellor,bchancellorg9@msu.edu,Male,174-749-5845
Stevie,Cardenosa,scardenosaga@ucoz.ru,Male,291-302-0833
Izzy,Beiderbecke,ibeiderbeckegb@mayoclinic.com,Male,474-645-3209
Sheila-kathryn,Sulland,ssullandgc@imageshack.us,Female,670-259-1660
Inga,Sibly,isiblygd@bing.com,Female,805-644-0792
Saunder,Dutnell,sdutnellge@paginegialle.it,Male,377-310-9575
Liane,Botler,lbotlergf@chicagotribune.com,Female,849-681-9779
Giovanna,Benettolo,gbenettologg@themeforest.net,Female,174-198-1673
Kiley,Trineman,ktrinemangh@xinhuanet.com,Female,189-107-1090
Stern,Creighton,screightongi@sina.com.cn,Male,580-450-0671
Tiffani,Vanyard,tvanyardgj@businesswire.com,Female,550-928-3801
Patrice,Olerenshaw,polerenshawgk@hostgator.com,Female,225-191-1264
Guthrey,Szabo,gszabogl@instagram.com,Male,339-279-3606
Ronnica,Normant,rnormantgm@wp.com,Female,601-891-6094
Ronalda,Bullar,rbullargn@youtu.be,Female,629-830-0939
Idaline,Roma,iromago@prweb.com,Female,337-422-4084
Jennette,Osban,josbangp@ucsd.edu,Female,923-555-8282
Gizela,Soutter,gsouttergq@ft.com,Female,363-651-3007
Zacherie,Cowins,zcowinsgr@wikia.com,Male,772-776-6739
Jone,McElane,jmcelanegs@prlog.org,Male,719-619-2982
Spence,Kelmere,skelmeregt@comcast.net,Male,458-575-7928
Miquela,Handling,mhandlinggu@freewebs.com,Female,131-636-1745
Lizzy,Gillam,lgillamgv@cornell.edu,Female,623-821-1130
Jo,Kenright,jkenrightgw@behance.net,Male,386-841-3837
Tanya,Domeney,tdomeneygx@myspace.com,Female,553-741-4339
Ross,Lettley,rlettleygy@walmart.com,Male,888-111-1206
Myca,Hollingsbee,mhollingsbeegz@newyorker.com,Male,656-861-5662
Ange,Arrell,aarrellh0@rakuten.co.jp,Female,232-879-5499
Zackariah,Fridlington,zfridlingtonh1@soup.io,Male,786-238-5383
Ron,Tomczykowski,rtomczykowskih2@ask.com,Male,756-950-2429
Clair,Noorwood,cnoorwoodh3@yellowbook.com,Male,573-218-2360
Cynde,Larkin,clarkinh4@shareasale.com,Female,797-402-6318
Stephan,Doul,sdoulh5@oakley.com,Male,962-324-3515
Anthia,Aitchison,aaitchisonh6@instagram.com,Female,704-589-4619
Abbe,Glancey,aglanceyh7@techcrunch.com,Male,583-441-1317
Duncan,Sarjant,dsarjanth8@addtoany.com,Male,776-506-0693
Vasily,Brooker,vbrookerh9@economist.com,Male,702-629-1245
Fernando,Wauchope,fwauchopeha@vinaora.com,Male,703-994-8062
Lamar,Lembke,llembkehb@cam.ac.uk,Male,492-550-1507
Denny,Nast,dnasthc@deviantart.com,Female,642-731-0397
Horacio,Halpin,hhalpinhd@printfriendly.com,Male,682-788-4580
Reilly,Featherbie,rfeatherbiehe@csmonitor.com,Male,570-899-5757
Mia,Screas,mscreashf@comsenz.com,Female,952-959-4491
Baily,Aylesbury,baylesburyhg@cocolog-nifty.com,Male,691-761-3866
Dorry,O'Sharry,dosharryhh@google.pl,Female,174-167-2318
Toiboid,Imlin,timlinhi@japanpost.jp,Male,288-328-4866
Ellswerth,Jirasek,ejirasekhj@seattletimes.com,Male,929-940-0838
Ethe,Mulder,emulderhk@fc2.com,Male,266-197-3982
Cary,Sizeland,csizelandhl@timesonline.co.uk,Male,799-750-3127
Fielding,Wingeat,fwingeathm@prweb.com,Male,667-845-2768
Erhart,Leftley,eleftleyhn@accuweather.com,Male,788-326-2296
Cristobal,Pedri,cpedriho@ning.com,Male,267-925-5190
Hermann,Dicey,hdiceyhp@marriott.com,Male,272-803-1106
Greta,Cullagh,gcullaghhq@wikia.com,Female,696-563-4820
Konrad,Wysome,kwysomehr@yahoo.co.jp,Male,426-875-2785
Morgan,Cosbey,mcosbeyhs@weather.com,Female,717-340-5944
Ham,Bazoge,hbazogeht@photobucket.com,Male,514-654-9191
Stesha,Swinley,sswinleyhu@reverbnation.com,Female,859-155-6294
Adrian,Bogey,abogeyhv@examiner.com,Male,642-346-1501
Ginnie,Stone Fewings,gstonefewingshw@foxnews.com,Female,484-182-3052
Gerome,Henze,ghenzehx@addthis.com,Male,391-828-9100
Colver,Duckerin,cduckerinhy@yolasite.com,Male,445-739-7969
Sauveur,Tinman,stinmanhz@dailymail.co.uk,Male,214-615-3042
Symon,Iannuzzelli,siannuzzellii0@businesswire.com,Male,323-784-8738
Isa,Smithers,ismithersi1@merriam-webster.com,Male,366-665-6412
Ophelie,Clem,oclemi2@reverbnation.com,Female,733-490-6796
Sherlocke,Rodenburg,srodenburgi3@dagondesign.com,Male,832-200-3886
Rheta,de Bullion,rdebullioni4@unblog.fr,Female,105-995-6541
Ilaire,MacPeake,imacpeakei5@themeforest.net,Male,429-574-5154
Mirilla,Tibb,mtibbi6@irs.gov,Female,953-323-6261
Ingaborg,Jeanel,ijeaneli7@xing.com,Female,682-983-2867
Betteann,MacCrackan,bmaccrackani8@chronoengine.com,Female,499-762-8306
Wallace,Biggins,wbigginsi9@jigsy.com,Male,740-434-1343
Whitby,Revill,wrevillia@spotify.com,Male,704-661-7144
Ileane,Jorio,ijorioib@qq.com,Female,446-194-1805
Aylmer,Pryn,aprynic@berkeley.edu,Male,523-545-5268
Niko,Robshaw,nrobshawid@bbc.co.uk,Male,935-439-4163
Rochelle,Pretti,rprettiie@washingtonpost.com,Female,154-225-7756
Florentia,Cave,fcaveif@wp.com,Female,764-137-7593
Vitia,Hitzmann,vhitzmannig@ustream.tv,Female,359-354-4060
Bard,Jailler,bjaillerih@tripadvisor.com,Male,630-464-1347
Tybi,Chevis,tchevisii@businessweek.com,Female,533-162-2504
Bartie,Giorgeschi,bgiorgeschiij@ycombinator.com,Male,659-156-9696
Marco,Edwins,medwinsik@thetimes.co.uk,Male,341-246-7113
Elisha,Batisse,ebatisseil@xing.com,Male,185-863-3865
Elyn,Mewha,emewhaim@about.me,Female,656-525-6939
Brook,Poxson,bpoxsonin@gizmodo.com,Male,400-949-5845
Kathe,Siddell,ksiddellio@parallels.com,Female,464-445-1810
Stacee,Adam,sadamip@tiny.cc,Female,101-698-0689
Diego,Embleton,dembletoniq@omniture.com,Male,536-396-0029
Barty,Crippen,bcrippenir@bbb.org,Male,488-599-7107
Blithe,Ilem,bilemis@google.co.uk,Female,958-498-0886
Warde,Peppin,wpeppinit@behance.net,Male,843-640-7364
Jermain,Fucher,jfucheriu@cpanel.net,Male,793-586-2742
Gabie,Coda,gcodaiv@sakura.ne.jp,Male,212-753-8344
Kean,Wallbanks,kwallbanksiw@surveymonkey.com,Male,668-124-5381
Vyky,Marklund,vmarklundix@addtoany.com,Female,570-580-0742
Ignace,Roubay,iroubayiy@goo.gl,Male,875-443-7920
Abba,Waller-Bridge,awallerbridgeiz@techcrunch.com,Male,459-972-5607
Angelina,Dowding,adowdingj0@goodreads.com,Female,958-514-6298
Warner,Rikard,wrikardj1@apple.com,Male,483-920-9601
Romola,Balk,rbalkj2@senate.gov,Female,480-854-7746
Sallee,Woolward,swoolwardj3@hexun.com,Female,848-139-1416
Gillian,Vogl,gvoglj4@reference.com,Female,869-994-0556
Roxane,Jakeman,rjakemanj5@homestead.com,Female,296-715-7014
Alaric,Blakebrough,ablakebroughj6@booking.com,Male,103-462-8037
Georgeta,Cawdell,gcawdellj7@cafepress.com,Female,716-407-5286
Hildagarde,Doonican,hdoonicanj8@godaddy.com,Female,198-535-1670
Liva,Oaks,loaksj9@marriott.com,Female,290-407-4108
Alwin,Chalke,achalkeja@ezinearticles.com,Male,531-681-4638
Brana,Yerbury,byerburyjb@biglobe.ne.jp,Female,817-724-4656
Nial,Willingham,nwillinghamjc@mail.ru,Male,633-221-3401
Sibeal,Jeyness,sjeynessjd@live.com,Female,540-708-6596
Joshua,Lambol,jlambolje@patch.com,Male,620-240-5906
Brian,Clementson,bclementsonjf@whitehouse.gov,Male,781-259-3845
Leicester,Northern,lnorthernjg@hud.gov,Male,796-982-9473
Darby,Whapham,dwhaphamjh@blogs.com,Female,392-689-3713
Nicki,Phillcox,nphillcoxji@furl.net,Female,412-519-0640
Aubert,Pandie,apandiejj@over-blog.com,Male,476-838-4986
Jonie,Jepensen,jjepensenjk@opensource.org,Female,407-783-8446
Costa,Bisatt,cbisattjl@imgur.com,Male,893-638-8697
Estella,Keaves,ekeavesjm@symantec.com,Female,539-682-0985
Eddy,Seacroft,eseacroftjn@about.me,Male,213-610-0165
Caroline,Croney,ccroneyjo@utexas.edu,Female,157-719-4189
Ethan,O'Donovan,eodonovanjp@trellian.com,Male,393-493-4305
Wilmar,Prator,wpratorjq@t.co,Male,444-346-0284
Emiline,Monkhouse,emonkhousejr@ca.gov,Female,621-609-0163
Piper,Calam,pcalamjs@quantcast.com,Female,758-941-0153
Selena,Sams,ssamsjt@zimbio.com,Female,563-152-3235
Marc,Sudron,msudronju@imgur.com,Male,273-394-1712
Jayson,Stollmeier,jstollmeierjv@indiegogo.com,Male,952-300-4139
Greta,Evanson,gevansonjw@a8.net,Female,965-896-9397
Brigit,O' Brian,bobrianjx@walmart.com,Female,893-588-1494
Berny,Knapton,bknaptonjy@goo.gl,Female,772-276-7881
Bel,Elliot,belliotjz@springer.com,Female,321-567-3738
Nedi,Castagnet,ncastagnetk0@google.com,Female,952-488-0048
Antony,Dowley,adowleyk1@netscape.com,Male,614-109-5444
Ashleigh,Murname,amurnamek2@businessinsider.com,Female,204-476-9710
Somerset,Bitcheno,sbitchenok3@ycombinator.com,Male,243-376-3134
Lissie,Marland,lmarlandk4@mac.com,Female,366-579-3035
Rabi,Hallas,rhallask5@indiatimes.com,Male,346-187-7340
Geoffry,Eustanch,geustanchk6@utexas.edu,Male,244-155-9844
Ilaire,Stanborough,istanboroughk7@amazonaws.com,Male,806-183-2571
Shurlocke,Jessopp,sjessoppk8@house.gov,Male,662-786-2636
Calla,Muffen,cmuffenk9@xrea.com,Female,600-754-7743
Gretal,Symcock,gsymcockka@google.com.au,Female,803-579-3855
Oriana,Brumfield,obrumfieldkb@freewebs.com,Female,215-561-3848
Magdalene,Darragon,mdarragonkc@weebly.com,Female,712-959-5720
Isaac,Ferrie,iferriekd@angelfire.com,Male,205-120-7781
Ignace,Decroix,idecroixke@abc.net.au,Male,763-155-2793
Debra,Docwra,ddocwrakf@vinaora.com,Female,596-905-9862
Johnette,Gerren,jgerrenkg@slate.com,Female,486-398-3934
Domingo,MacCahey,dmaccaheykh@vinaora.com,Male,610-678-6184
Jeramey,Vyse,jvyseki@globo.com,Male,902-262-4362
Corbin,Almey,calmeykj@ustream.tv,Male,249-485-7025
Vite,Smidmor,vsmidmorkk@nps.gov,Male,242-427-0767
Dolf,Tame,dtamekl@cdbaby.com,Male,683-377-1534
Luke,Escot,lescotkm@dyndns.org,Male,495-123-8356
Cobbie,Van der Hoeven,cvanderhoevenkn@com.com,Male,433-333-7253
Quinlan,Pyson,qpysonko@domainmarket.com,Male,899-818-5767
Ignazio,Elener,ielenerkp@barnesandnoble.com,Male,944-172-4193
Mehetabel,Lavrinov,mlavrinovkq@friendfeed.com,Female,864-519-2367
Etienne,Tallowin,etallowinkr@themeforest.net,Male,424-919-7425
Borden,Kristoffersen,bkristoffersenks@hibu.com,Male,453-690-1418
Starlene,Hinckley,shinckleykt@e-recht24.de,Female,816-942-8251
Shalom,Chidzoy,schidzoyku@cnbc.com,Male,653-769-6939
Kristian,Bimson,kbimsonkv@loc.gov,Male,877-887-7821
Jarrod,Messruther,jmessrutherkw@tiny.cc,Male,771-263-0051
Stephannie,Sprason,ssprasonkx@paginegialle.it,Female,411-543-3244
Gunner,Kretchmer,gkretchmerky@dailymotion.com,Male,799-745-0695
Janetta,Alessandrelli,jalessandrellikz@sogou.com,Female,936-471-2002
Tynan,Parnaby,tparnabyl0@sbwire.com,Male,698-115-9926
Cleon,Douberday,cdouberdayl1@trellian.com,Male,646-900-7199
Herbie,Todaro,htodarol2@prnewswire.com,Male,833-545-5419
Ted,Cashin,tcashinl3@wsj.com,Male,158-977-4175
Ruthie,Cooper,rcooperl4@spiegel.de,Female,543-746-7581
Selby,McNess,smcnessl5@nydailynews.com,Male,768-276-7387
Danita,Humbey,dhumbeyl6@sakura.ne.jp,Female,662-549-4194
Tobi,Carlucci,tcarluccil7@unblog.fr,Female,445-120-7451
Cordula,Gwinn,cgwinnl8@ca.gov,Female,698-913-3320
Jefferey,Feeney,jfeeneyl9@myspace.com,Male,840-460-8199
Georgia,Navan,gnavanla@free.fr,Female,463-496-5677
Valina,Slatten,vslattenlb@constantcontact.com,Female,313-120-0637
Birch,Ayshford,bayshfordlc@answers.com,Male,676-807-5865
Lawrence,Bowcock,lbowcockld@nyu.edu,Male,899-810-1745
Anita,Barraclough,abarracloughle@ask.com,Female,573-100-5364
Malena,Kabisch,mkabischlf@washingtonpost.com,Female,522-434-2556
Kellia,Lemarie,klemarielg@example.com,Female,549-171-4222
Kial,Castagneri,kcastagnerilh@livejournal.com,Female,516-724-3963
Martita,Leaver,mleaverli@lycos.com,Female,682-600-2208
Isidro,Pleven,iplevenlj@soup.io,Male,575-518-4142
Dudley,Matous,dmatouslk@chicagotribune.com,Male,573-723-8745
Nealy,Bautiste,nbautistell@aboutads.info,Male,736-686-1096
Huntley,Saggers,hsaggerslm@hugedomains.com,Male,573-402-4433
Gerick,Bastock,gbastockln@squidoo.com,Male,140-269-3989
Edy,Filliskirk,efilliskirklo@blog.com,Female,203-282-3043
Bab,Melrose,bmelroselp@latimes.com,Female,802-453-8806
Robbi,McGlue,rmcgluelq@flickr.com,Female,855-420-8578
Evangelina,Burchess,eburchesslr@cnn.com,Female,901-187-2484
Tresa,Swetmore,tswetmorels@scientificamerican.com,Female,465-968-8395
Chickie,Hagard,chagardlt@altervista.org,Female,228-408-6083
Hulda,Lomis,hlomislu@bigcartel.com,Female,651-825-0477
Berti,Paydon,bpaydonlv@google.cn,Male,281-924-1369
Allister,Tizzard,atizzardlw@taobao.com,Male,716-938-5063
Barty,Castelijn,bcastelijnlx@e-recht24.de,Male,275-800-3308
Nikoletta,Bleythin,nbleythinly@wix.com,Female,266-959-7079
Eamon,Topliss,etoplisslz@phpbb.com,Male,238-162-9615
Alisa,Vedenyakin,avedenyakinm0@delicious.com,Female,601-175-0842
Thacher,Leroy,tleroym1@over-blog.com,Male,248-422-3949
Alastair,Dowdam,adowdamm2@google.com.au,Male,725-961-9501
Nehemiah,Kingaby,nkingabym3@ed.gov,Male,303-716-5875
Bride,Mibourne,bmibournem4@yale.edu,Female,970-373-7707
Dodie,Mattiello,dmattiellom5@posterous.com,Female,373-340-9747
Mildred,McAlroy,mmcalroym6@github.com,Female,908-498-2469
Doreen,Hattiff,dhattiffm7@umn.edu,Female,594-830-6486
Nonnah,Gaither,ngaitherm8@hao123.com,Female,394-759-8752
Natala,Smithen,nsmithenm9@amazon.com,Female,426-546-8186
Arlette,Zoppie,azoppiema@theglobeandmail.com,Female,555-377-0985
Tally,Eggins,tegginsmb@cpanel.net,Male,605-790-8728
Emile,Gemson,egemsonmc@army.mil,Male,622-226-6192
Tim,McGivena,tmcgivenamd@psu.edu,Male,923-541-2363
Gwenora,Jozaitis,gjozaitisme@xing.com,Female,358-437-1326
Farris,Gilvear,fgilvearmf@biblegateway.com,Male,970-672-3022
Clevey,Heathwood,cheathwoodmg@arizona.edu,Male,926-809-5942
Zacharia,Giraldez,zgiraldezmh@123-reg.co.uk,Male,576-488-7431
Auberon,Gopsall,agopsallmi@oaic.gov.au,Male,345-929-5505
Stephenie,Ayer,sayermj@nydailynews.com,Female,820-827-7200
Ameline,Aucoate,aaucoatemk@dell.com,Female,913-186-8096
Iorgos,Singh,isinghml@squarespace.com,Male,582-505-1879
Victoir,Hutchings,vhutchingsmm@is.gd,Male,539-478-3353
Terrill,Stobbe,tstobbemn@csmonitor.com,Male,937-598-8403
Liva,Stucksbury,lstucksburymo@myspace.com,Female,449-400-8337
Rosella,Kemme,rkemmemp@booking.com,Female,408-809-8423
Meara,Dobrovsky,mdobrovskymq@miitbeian.gov.cn,Female,958-145-2378
Zola,Avieson,zaviesonmr@nasa.gov,Female,554-798-1835
Zane,Andreichik,zandreichikms@taobao.com,Male,457-711-0114
Zara,Tweedle,ztweedlemt@biblegateway.com,Female,466-153-1490
Dell,Dagon,ddagonmu@behance.net,Female,800-116-8652
Denyse,Haibel,dhaibelmv@meetup.com,Female,959-603-4498
Webster,McElwee,wmcelweemw@over-blog.com,Male,377-121-1273
Holli,Skocroft,hskocroftmx@addthis.com,Female,949-145-8981
Shannen,Clitheroe,sclitheroemy@intel.com,Female,354-379-6580
Lina,Mingard,lmingardmz@google.com,Female,466-651-5502
Conn,Vallack,cvallackn0@wunderground.com,Male,490-167-8398
Tanner,Warry,twarryn1@ning.com,Male,571-311-8540
Karl,McTrustey,kmctrusteyn2@unblog.fr,Male,112-105-2307
Rhodia,Mapp,rmappn3@nasa.gov,Female,923-577-4333
Giraud,Dripps,gdrippsn4@reverbnation.com,Male,172-587-6288
Gabi,Lindsay,glindsayn5@paginegialle.it,Female,701-552-3649
Jessi,Mate,jmaten6@gmpg.org,Female,617-832-9810
Russell,Footitt,rfootittn7@who.int,Male,370-280-7450
Fleurette,Crosetti,fcrosettin8@theatlantic.com,Female,566-732-1365
Nonna,Lovick,nlovickn9@yolasite.com,Female,408-397-9636
My,Placido,mplacidona@china.com.cn,Male,979-530-9139
Wendie,Walicki,wwalickinb@cnn.com,Female,220-182-6979
Leonhard,Buncombe,lbuncombenc@lycos.com,Male,803-803-5417
Price,Havercroft,phavercroftnd@posterous.com,Male,546-440-0930
Ginni,Winks,gwinksne@youtu.be,Female,425-732-1861
Ferrel,Sakins,fsakinsnf@huffingtonpost.com,Male,779-291-7756
Goldina,MacCheyne,gmaccheyneng@home.pl,Female,259-784-7768
Morly,Gasgarth,mgasgarthnh@oaic.gov.au,Male,968-863-2180
Berthe,Belcham,bbelchamni@geocities.jp,Female,849-644-8554
Francine,Corston,fcorstonnj@wiley.com,Female,520-495-2065
Daria,Bagguley,dbagguleynk@cyberchimps.com,Female,322-240-7789
Bob,Clother,bclothernl@artisteer.com,Male,728-721-0284
Meggi,Ferrick,mferricknm@engadget.com,Female,608-812-6295
Bram,Child,bchildnn@purevolume.com,Male,147-766-5138
Smith,Jurges,sjurgesno@etsy.com,Male,245-500-9917
Darcie,Beautyman,dbeautymannp@sun.com,Female,574-162-3532
Donella,McGeever,dmcgeevernq@washington.edu,Female,728-139-0204
Tandi,Cargenven,tcargenvennr@prlog.org,Female,855-517-3646
Sara,Ruthven,sruthvenns@cnet.com,Female,164-350-0861
Web,Lamburn,wlamburnnt@sourceforge.net,Male,916-844-7761
Nils,Yeulet,nyeuletnu@digg.com,Male,856-849-6995
Berne,Lorek,bloreknv@mail.ru,Male,619-291-9327
Samara,Pumphrey,spumphreynw@netlog.com,Female,981-728-2843
Ollie,Dickey,odickeynx@wired.com,Female,480-891-1363
Eberto,Sawrey,esawreyny@qq.com,Male,334-851-1306
Alexine,MacGray,amacgraynz@zdnet.com,Female,932-112-9225
Thornton,Campbell-Dunlop,tcampbelldunlopo0@meetup.com,Male,748-916-6161
Nerty,Ewert,newerto1@tinypic.com,Female,997-953-3172
Andie,Marson,amarsono2@irs.gov,Male,204-530-1023
Zachary,Bakey,zbakeyo3@ning.com,Male,538-481-5216
Martyn,Bengoechea,mbengoecheao4@a8.net,Male,798-745-8072
Deana,Jurick,djuricko5@deviantart.com,Female,975-685-5410
Kasey,Dudmesh,kdudmesho6@trellian.com,Female,740-334-6587
Jacky,Pipping,jpippingo7@github.com,Female,497-995-8744
Robby,Hepher,rhephero8@google.com.au,Male,540-737-4028
Aguistin,Gircke,agirckeo9@bigcartel.com,Male,307-962-7728
Kali,Lindeboom,klindeboomoa@ning.com,Female,584-637-8270
Edsel,McBride,emcbrideob@cloudflare.com,Male,660-214-7199
Horatius,Bevir,hbeviroc@twitter.com,Male,763-857-7196
Pierson,Harlow,pharlowod@pagesperso-orange.fr,Male,651-889-8033
Fairlie,Treble,ftrebleoe@nasa.gov,Male,563-571-7735
Vachel,Weatherell,vweatherellof@constantcontact.com,Male,562-109-2947
Donnajean,Pressey,dpresseyog@amazon.co.uk,Female,378-410-0263
Tandi,Joanic,tjoanicoh@nih.gov,Female,343-906-1287
Gino,Newns,gnewnsoi@bing.com,Male,825-625-4738
Rosalie,Sowley,rsowleyoj@timesonline.co.uk,Female,762-313-9441
Vivyanne,Robertsen,vrobertsenok@wikia.com,Female,625-121-9461
Spense,Hamnett,shamnettol@yale.edu,Male,604-368-7885
Carolee,Pleming,cplemingom@state.tx.us,Female,997-775-5550
Price,Odo,podoon@bbc.co.uk,Male,722-809-7063
Jules,Stogill,jstogilloo@discuz.net,Male,875-354-2813
Milzie,Scrase,mscraseop@nationalgeographic.com,Female,715-984-8169
Nap,Staner,nstaneroq@ameblo.jp,Male,214-913-8035
Ive,Bryceson,ibrycesonor@dell.com,Male,918-451-9572
Valida,Lidgard,vlidgardos@bandcamp.com,Female,350-639-8794
Bekki,Oakey,boakeyot@ebay.co.uk,Female,134-208-2539
Norene,Skirven,nskirvenou@wikia.com,Female,585-858-8797
Rockie,Tomsu,rtomsuov@weebly.com,Male,508-424-6724
Aksel,Labdon,alabdonow@techcrunch.com,Male,262-521-6618
Elnar,Alexandersson,ealexanderssonox@wordpress.com,Male,187-649-0052
Yetta,Skitteral,yskitteraloy@themeforest.net,Female,175-158-6228
Colin,Tolumello,ctolumellooz@dell.com,Male,717-605-1923
Shandee,Barwood,sbarwoodp0@w3.org,Female,417-813-9685
Joseito,Rame,jramep1@wordpress.org,Male,324-894-7701
Sarina,O'Reilly,soreillyp2@infoseek.co.jp,Female,767-568-2889
Daniella,Cuming,dcumingp3@woothemes.com,Female,964-904-6625
Bernice,O'Noulane,bonoulanep4@flickr.com,Female,589-970-8568
Sheridan,Brakewell,sbrakewellp5@netscape.com,Male,504-719-2837
Randell,Magwood,rmagwoodp6@hud.gov,Male,392-561-2778
Jessie,Motherwell,jmotherwellp7@goodreads.com,Male,448-440-6865
Yoshiko,Boshers,yboshersp8@reverbnation.com,Female,609-211-9269
Bondie,Goulston,bgoulstonp9@narod.ru,Male,221-561-2746
Arri,Nice,anicepa@kickstarter.com,Male,507-869-7951
Eda,Mallabund,emallabundpb@cyberchimps.com,Female,157-325-4762
Rene,Rimbault,rrimbaultpc@bbb.org,Male,608-531-2963
Wit,Landal,wlandalpd@cnbc.com,Male,764-971-4118
Dwayne,Carlton,dcarltonpe@purevolume.com,Male,967-133-2059
Theodoric,Gorsse,tgorssepf@indiatimes.com,Male,673-316-8431
Vinny,Karlolak,vkarlolakpg@feedburner.com,Female,546-648-5005
Lacie,Maber,lmaberph@instagram.com,Female,815-496-5450
Douglass,Kempe,dkempepi@storify.com,Male,990-119-5325
Selestina,Byne,sbynepj@engadget.com,Female,192-167-6277
Cristin,Keyte,ckeytepk@skype.com,Female,119-129-5430
Bat,Farherty,bfarhertypl@adobe.com,Male,337-159-1074
Neila,Petasch,npetaschpm@squidoo.com,Female,398-144-7790
Rurik,Avey,raveypn@nbcnews.com,Male,306-451-2112
Dolores,Downham,ddownhampo@constantcontact.com,Female,940-477-4932
Bonnie,Chsteney,bchsteneypp@phoca.cz,Female,743-998-6359
Brion,MacCaull,bmaccaullpq@vimeo.com,Male,853-840-3641
Kaleb,Mc Ilory,kmcilorypr@army.mil,Male,478-479-3218
Delainey,Dowdell,ddowdellps@unblog.fr,Male,885-869-5029
Rosemaria,Daldry,rdaldrypt@addthis.com,Female,728-471-5795
Brigitte,Auchterlony,bauchterlonypu@twitter.com,Female,373-634-5012
Jereme,Ackwood,jackwoodpv@unblog.fr,Male,503-191-4205
Raimund,Storton,rstortonpw@diigo.com,Male,296-794-8258
Byram,Summerlad,bsummerladpx@arizona.edu,Male,138-861-9215
Jessamine,Roloff,jroloffpy@youtu.be,Female,239-491-6360
Cort,Birts,cbirtspz@sphinn.com,Male,431-652-7240
Annabel,Mattisson,amattissonq0@arstechnica.com,Female,771-434-4378
King,Andreasson,kandreassonq1@time.com,Male,776-690-3209
Barny,Le Marquand,blemarquandq2@zdnet.com,Male,805-313-4136
Mauricio,Ison,misonq3@marriott.com,Male,876-511-8462
Jaimie,Biggam,jbiggamq4@weather.com,Female,205-109-9280
Aridatha,Wholesworth,awholesworthq5@vkontakte.ru,Female,390-390-9460
Angeli,Bikker,abikkerq6@posterous.com,Male,290-941-7183
Abby,Meates,ameatesq7@archive.org,Male,986-853-1851
Althea,Bennison,abennisonq8@discuz.net,Female,325-321-7737
Boycey,Wield,bwieldq9@slideshare.net,Male,237-409-7801
Florance,Preskett,fpreskettqa@huffingtonpost.com,Female,252-510-6813
Miguela,Kyberd,mkyberdqb@youtube.com,Female,941-508-4337
Padgett,Raikes,praikesqc@github.io,Male,658-619-1641
Mathilde,Jopling,mjoplingqd@bloglines.com,Female,411-779-5397
Tanitansy,Vose,tvoseqe@bloglovin.com,Female,683-632-9471
Boone,Oxtoby,boxtobyqf@de.vu,Male,463-208-5171
Eugenio,Normand,enormandqg@geocities.jp,Male,900-816-4846
Samara,Brambill,sbrambillqh@reuters.com,Female,562-335-2719
Emilie,Gonnet,egonnetqi@typepad.com,Female,447-251-4474
Fiona,Sebyer,fsebyerqj@dailymail.co.uk,Female,610-388-4377
Sandor,Kingsworth,skingsworthqk@ehow.com,Male,986-279-6518
Donnie,Kief,dkiefql@homestead.com,Male,917-656-9297
Gwendolin,Logg,gloggqm@cbc.ca,Female,439-407-6390
Herbert,Bladen,hbladenqn@mayoclinic.com,Male,916-639-0572
Luigi,O'Lennachain,lolennachainqo@independent.co.uk,Male,572-654-3713
Corbett,Dilon,cdilonqp@irs.gov,Male,190-160-6572
Stavros,Wicklen,swicklenqq@free.fr,Male,245-156-2296
Matty,Winscom,mwinscomqr@nydailynews.com,Male,387-264-6042
Kristina,Befroy,kbefroyqs@google.fr,Female,637-321-4637
Felicdad,Blaze,fblazeqt@ucla.edu,Female,958-313-1979
Olenka,Valiant,ovaliantqu@vkontakte.ru,Female,941-921-6526
Dorey,Bagshaw,dbagshawqv@hud.gov,Male,346-246-2963
Florri,Wardall,fwardallqw@redcross.org,Female,788-167-8953
Dulci,Mereweather,dmereweatherqx@tiny.cc,Female,930-214-8445
Ameline,Bullas,abullasqy@samsung.com,Female,541-284-8640
Borg,Bayley,bbayleyqz@yellowpages.com,Male,584-615-0482
Franklyn,Bencher,fbencherr0@sfgate.com,Male,784-212-5540
Emogene,Flawith,eflawithr1@theatlantic.com,Female,276-732-3335
Orin,Gorwood,ogorwoodr2@nytimes.com,Male,321-875-0175
Augustus,Cheetham,acheethamr3@cnn.com,Male,591-764-0976
Marcos,Loughead,mlougheadr4@networksolutions.com,Male,280-979-2650
Karee,Botterman,kbottermanr5@joomla.org,Female,502-348-8140
Jasun,Burcombe,jburcomber6@wikia.com,Male,673-648-2002
Boyd,Power,bpowerr7@reverbnation.com,Male,807-771-4344
Rowland,Krienke,rkrienker8@discovery.com,Male,363-726-7967
Tally,Ayscough,tayscoughr9@dailymail.co.uk,Male,509-994-4487
Valaree,Loxton,vloxtonra@amazon.co.uk,Female,784-790-0134
Maddy,Wasielewicz,mwasielewiczrb@bloglovin.com,Male,198-400-3613
Warren,Gledstane,wgledstanerc@biglobe.ne.jp,Male,466-567-7111
Selma,Kays,skaysrd@indiatimes.com,Female,973-130-9658
Terrel,Statham,tstathamre@globo.com,Male,590-710-1265
Christiane,Skellington,cskellingtonrf@webmd.com,Female,310-557-5503
Deeanne,O'Ruane,doruanerg@amazon.co.jp,Female,101-133-3155
Andi,Dymock,adymockrh@bbb.org,Female,668-677-3034
Marillin,Jacklings,mjacklingsri@last.fm,Female,730-173-9695
Rena,Simmins,rsimminsrj@weebly.com,Female,893-581-2144
Melosa,Cescon,mcesconrk@seesaa.net,Female,483-900-8853
Saxe,Banbrick,sbanbrickrl@goo.gl,Male,367-479-7307
Birdie,Berndsen,bberndsenrm@digg.com,Female,905-268-1502
Regan,Bernaciak,rbernaciakrn@amazonaws.com,Female,785-285-2311
Benn,Idell,bidellro@lycos.com,Male,276-232-2749
Nonah,Muskett,nmuskettrp@eventbrite.com,Female,244-171-2351
Gwyneth,Drover,gdroverrq@ed.gov,Female,269-118-9471
Giavani,Bunner,gbunnerrr@ftc.gov,Male,471-152-0263
