first_name,last_name,email,gender,phone_number
Catherin,Pink,cpink0@zdnet.com,Female,906-687-2446
Miller,Beert,mbeert1@forbes.com,Male,982-310-8211
Humbert,Bartley,hbartley2@howstuffworks.com,Male,491-562-8981
Dottie,Heinrici,dheinrici3@addtoany.com,Female,683-416-8755
Candie,Dionisetti,cdionisetti4@amazon.com,Female,835-855-2871
Teodoro,Rowney,trowney5@cargocollective.com,Male,658-904-5049
Chickie,Dyment,cdyment6@twitter.com,Male,674-171-4994
Sylvan,McTurk,smcturk7@tuttocitta.it,Male,498-520-5060
Brade,Allender,ballender8@geocities.com,Male,187-840-9450
Darb,Morales,dmorales9@youku.com,Male,865-115-2135
Sydney,Willgress,swillgressa@yahoo.com,Female,721-152-8458
Percival,Flintoffe,pflintoffeb@hc360.com,Male,213-730-0421
Kerwinn,Eydel,keydelc@npr.org,Male,555-723-9929
Rossy,Nanelli,rnanellid@adobe.com,Male,901-637-6141
Claire,Fairbank,cfairbanke@vimeo.com,Female,318-439-2575
Wash,Badsey,wbadseyf@acquirethisname.com,Male,705-604-3079
Augustine,Jurczik,ajurczikg@cbslocal.com,Female,587-418-6528
Horatio,Jeays,hjeaysh@squarespace.com,Male,889-317-2503
Joannes,Darkott,jdarkotti@nydailynews.com,Female,813-738-7872
Dov,Huxter,dhuxterj@geocities.com,Male,899-716-2801
Billi,Jurasek,bjurasekk@amazon.co.uk,Female,202-897-4167
Juliana,Kramer,jkramerl@mapy.cz,Female,903-779-9353
Lacie,Vogl,lvoglm@google.com.br,Female,419-524-9494
Dael,Shrimptone,dshrimptonen@adobe.com,Female,684-428-3084
Cal,Sheather,csheathero@dedecms.com,Female,424-247-4696
Anya,Sidry,asidryp@unicef.org,Female,402-143-3668
Etan,Leare,eleareq@1und1.de,Male,877-939-7696
Padraig,Asplin,pasplinr@51.la,Male,980-133-5043
Barri,Haldon,bhaldons@amazon.com,Male,755-856-6378
Bard,Macoun,bmacount@huffingtonpost.com,Male,960-889-0524
Bianca,Sictornes,bsictornesu@dropbox.com,Female,383-191-8967
Titus,Saveall,tsaveallv@canalblog.com,Male,920-191-2909
Eba,Kernoghan,ekernoghanw@unesco.org,Female,277-413-6616
Care,Brewis,cbrewisx@skype.com,Male,810-192-8596
Shana,Sommerlin,ssommerliny@bbb.org,Female,137-279-4663
Emmy,Patmore,epatmorez@clickbank.net,Male,443-385-0822
Skipper,Dymidowski,sdymidowski10@nba.com,Male,146-341-2946
Granny,Crolly,gcrolly11@feedburner.com,Male,394-535-0407
Sheridan,Mariault,smariault12@clickbank.net,Male,494-661-3115
Tamra,Foddy,tfoddy13@auda.org.au,Female,511-221-7347
Saidee,McNirlin,smcnirlin14@cbsnews.com,Female,494-740-0321
Roanne,Lavalde,rlavalde15@wordpress.com,Female,298-596-8480
Ainsley,Wilcocks,awilcocks16@mapy.cz,Female,803-488-5921
Elvyn,Zecchi,ezecchi17@usa.gov,Male,600-294-8001
Wheeler,Lewin,wlewin18@sina.com.cn,Male,147-646-8297
Skylar,Sainteau,ssainteau19@reddit.com,Male,217-594-2326
Somerset,Wicklin,swicklin1a@deliciousdays.com,Male,863-957-4192
Elfreda,Ranby,eranby1b@t-online.de,Female,850-653-1719
Duane,Brittan,dbrittan1c@unc.edu,Male,457-826-2655
Michel,Bedminster,mbedminster1d@mozilla.org,Male,643-750-0608
Carie,Standish,cstandish1e@flickr.com,Female,818-252-4639
Remy,Samsworth,rsamsworth1f@bbb.org,Female,258-236-1744
Justino,Cardall,jcardall1g@eventbrite.com,Male,798-463-9863
Allie,Buckham,abuckham1h@csmonitor.com,Female,313-698-2187
Sheba,Mc Caughan,smccaughan1i@qq.com,Female,491-810-1752
Bay,Corhard,bcorhard1j@umich.edu,Male,622-560-0600
Beaufort,Cloughton,bcloughton1k@tinyurl.com,Male,621-463-6292
Lucias,Sedgefield,lsedgefield1l@accuweather.com,Male,296-543-3761
Alard,Glaum,aglaum1m@usda.gov,Male,800-362-1337
Ernest,Castelow,ecastelow1n@bigcartel.com,Male,539-271-9759
Morris,Paulot,mpaulot1o@webs.com,Male,335-908-8396
Nalani,Brozek,nbrozek1p@geocities.com,Female,929-522-6608
Shaylah,Coleby,scoleby1q@craigslist.org,Female,726-377-0493
Benjy,Cordero,bcordero1r@facebook.com,Male,361-896-9474
Alec,Giurio,agiurio1s@globo.com,Male,305-665-6805
Alis,Falkingham,afalkingham1t@ezinearticles.com,Female,943-797-7772
Rudolph,Shortall,rshortall1u@wunderground.com,Male,156-557-2275
Gussie,Galtone,ggaltone1v@newyorker.com,Female,665-928-8042
Linet,Coffee,lcoffee1w@privacy.gov.au,Female,479-473-4251
Ag,Alessandrucci,aalessandrucci1x@cnbc.com,Female,801-904-5441
Kelila,Cleen,kcleen1y@mayoclinic.com,Female,513-634-6001
Jean,Rylance,jrylance1z@barnesandnoble.com,Female,104-124-5604
Georgia,Forestel,gforestel20@nba.com,Female,547-278-0476
Winni,Arderne,warderne21@fc2.com,Female,829-325-9977
Kendricks,Widdison,kwiddison22@state.gov,Male,593-366-6506
Arnold,Balnaves,abalnaves23@tuttocitta.it,Male,787-453-2902
Doralynn,Beagley,dbeagley24@china.com.cn,Female,851-904-3570
Valerye,Hadlington,vhadlington25@adobe.com,Female,596-198-1476
Griffy,Eake,geake26@t-online.de,Male,445-660-2530
Tobye,Mullin,tmullin27@surveymonkey.com,Female,605-944-3671
Emmeline,Rigden,erigden28@hatena.ne.jp,Female,785-404-8178
Davide,Hulle,dhulle29@seesaa.net,Male,897-185-8954
Cyndia,Crowch,ccrowch2a@free.fr,Female,908-505-2685
Dalston,Suscens,dsuscens2b@nytimes.com,Male,699-379-4070
Fernandina,Christer,fchrister2c@wunderground.com,Female,591-681-5946
Matty,Puckinghorne,mpuckinghorne2d@nyu.edu,Male,298-342-5956
Honoria,Morby,hmorby2e@virginia.edu,Female,949-255-5604
Aggie,Crisford,acrisford2f@jigsy.com,Female,711-855-1528
Wolf,Capelen,wcapelen2g@msn.com,Male,145-718-3834
Linc,Easom,leasom2h@theatlantic.com,Male,818-572-9607
Katy,Mc Cahey,kmccahey2i@de.vu,Female,438-747-9067
Marylin,Coggeshall,mcoggeshall2j@mac.com,Female,939-629-2749
Alisa,Caldeyroux,acaldeyroux2k@marriott.com,Female,941-316-3042
Dasi,Rehorek,drehorek2l@lulu.com,Female,113-408-6492
Ula,Alldritt,ualldritt2m@friendfeed.com,Female,563-277-4179
Ive,Brosch,ibrosch2n@pagesperso-orange.fr,Male,264-956-0310
Arne,Fossitt,afossitt2o@g.co,Male,335-307-1212
Tawnya,Chellam,tchellam2p@engadget.com,Female,978-730-8462
Bernadene,Stroban,bstroban2q@xinhuanet.com,Female,198-640-7600
Moss,Hanner,mhanner2r@businessweek.com,Male,819-965-9181
Thibaut,Mushrow,tmushrow2s@google.pl,Male,403-457-2135
Waylon,Hubatsch,whubatsch2t@imgur.com,Male,263-325-1269
Billie,Oret,boret2u@github.com,Male,651-729-5017
Eben,Howling,ehowling2v@aol.com,Male,121-322-8010
Harv,Beane,hbeane2w@google.ca,Male,171-569-2907
Eric,Scading,escading2x@cnn.com,Male,822-504-6589
Arnaldo,Walenta,awalenta2y@diigo.com,Male,743-918-8968
Abeu,Milella,amilella2z@dyndns.org,Male,767-916-1246
Jaquenetta,Whistance,jwhistance30@phoca.cz,Female,836-998-9605
Norby,Daouze,ndaouze31@narod.ru,Male,249-664-8947
Devan,Kaufman,dkaufman32@cnn.com,Female,537-901-8095
Ingram,Tomlin,itomlin33@webnode.com,Male,932-970-9409
Margalit,Cosbey,mcosbey34@cocolog-nifty.com,Female,418-914-0800
Irma,Krysztofowicz,ikrysztofowicz35@skype.com,Female,235-839-5458
Evy,Castro,ecastro36@va.gov,Female,598-650-0892
Bartlet,Pelosi,bpelosi37@loc.gov,Male,742-721-6835
Saul,MacGorman,smacgorman38@japanpost.jp,Male,941-135-3776
Dukey,Norcliffe,dnorcliffe39@ow.ly,Male,844-664-7497
Bart,Jarritt,bjarritt3a@geocities.jp,Male,330-650-0115
Sayre,Jannasch,sjannasch3b@utexas.edu,Female,442-814-5794
Aime,Newport,anewport3c@1688.com,Female,565-462-5322
Steve,Deane,sdeane3d@geocities.com,Male,294-901-5608
Hildagard,Cuttell,hcuttell3e@wikia.com,Female,787-519-5912
Paton,Frensch,pfrensch3f@de.vu,Male,321-774-2362
Robin,Borrett,rborrett3g@timesonline.co.uk,Female,613-574-2638
Suzie,Mathan,smathan3h@accuweather.com,Female,389-333-9218
Michelina,Bartosch,mbartosch3i@clickbank.net,Female,896-514-4753
Massimo,Oliva,moliva3j@noaa.gov,Male,852-168-8323
Linell,Birkinshaw,lbirkinshaw3k@vinaora.com,Female,164-235-4513
Kerri,Bread,kbread3l@g.co,Female,598-708-7929
Ev,Babonau,ebabonau3m@cafepress.com,Male,999-146-4481
Nobe,Ezzy,nezzy3n@domainmarket.com,Male,439-171-0327
Bill,Rumgay,brumgay3o@woothemes.com,Female,108-335-4522
Vaughn,Zoephel,vzoephel3p@elegantthemes.com,Male,415-508-6432
Karoly,Stolberger,kstolberger3q@house.gov,Male,595-265-8901
Micah,Reboulet,mreboulet3r@oracle.com,Male,764-116-3111
Maxy,Kochl,mkochl3s@toplist.cz,Female,985-794-6465
Westleigh,Kingswood,wkingswood3t@dropbox.com,Male,718-838-2804
Harald,Meakes,hmeakes3u@123-reg.co.uk,Male,464-725-1762
Salomo,Guiet,sguiet3v@baidu.com,Male,712-510-4158
Baillie,Linger,blinger3w@thetimes.co.uk,Male,941-485-5211
Chryste,Andreasson,candreasson3x@google.ru,Female,596-610-5325
Rooney,Mulliss,rmulliss3y@issuu.com,Male,339-236-1950
Maurene,MacIntyre,mmacintyre3z@eventbrite.com,Female,486-566-0085
Elisha,Brandsen,ebrandsen40@nytimes.com,Female,637-580-6404
Paxton,McGlaud,pmcglaud41@sbwire.com,Male,221-313-0366
Micheal,Paff,mpaff42@nba.com,Male,871-100-1143
Adolf,Dutson,adutson43@oakley.com,Male,254-568-5078
Kerwinn,Brand,kbrand44@vistaprint.com,Male,748-127-0086
Brianne,Malamore,bmalamore45@edublogs.org,Female,265-479-6979
Elsworth,Spratling,espratling46@buzzfeed.com,Male,798-893-2000
Morgun,Wreak,mwreak47@youtube.com,Male,435-210-8061
Clarine,Petris,cpetris48@facebook.com,Female,611-711-2889
Vale,Chivrall,vchivrall49@howstuffworks.com,Male,200-315-0241
Marja,Dietz,mdietz4a@elpais.com,Female,770-903-0591
Loraine,Thompstone,lthompstone4b@illinois.edu,Female,546-692-9296
Retha,Dessant,rdessant4c@vistaprint.com,Female,510-937-9557
Brigitte,Blatcher,bblatcher4d@businessweek.com,Female,204-433-6072
Rustie,Inchboard,rinchboard4e@lulu.com,Male,548-116-2061
Gertrude,Nacci,gnacci4f@nydailynews.com,Female,962-373-1013
Nicoli,Spencers,nspencers4g@istockphoto.com,Female,279-713-1798
Licha,Erasmus,lerasmus4h@umn.edu,Female,306-853-7848
Sharona,Blyth,sblyth4i@fema.gov,Female,354-208-7122
Lani,Sholem,lsholem4j@hc360.com,Female,674-535-0775
Alison,Salerno,asalerno4k@squarespace.com,Female,542-132-2875
Lilli,Camies,lcamies4l@canalblog.com,Female,301-996-7263
Staford,Cheel,scheel4m@usa.gov,Male,220-790-3622
Mallory,Killimister,mkillimister4n@indiegogo.com,Female,320-418-6328
Hettie,Janoch,hjanoch4o@aol.com,Female,711-904-1236
Anastasie,Postlewhite,apostlewhite4p@dailymotion.com,Female,821-788-9765
Pip,Froschauer,pfroschauer4q@bandcamp.com,Male,221-646-4713
Munroe,Healy,mhealy4r@geocities.com,Male,604-363-7206
Iolanthe,Lude,ilude4s@usatoday.com,Female,530-595-0298
Iona,Philippon,iphilippon4t@sciencedaily.com,Female,333-690-5121
Dianemarie,McLoughlin,dmcloughlin4u@t-online.de,Female,381-633-6357
Terrel,Westman,twestman4v@sbwire.com,Male,997-209-4006
Rubetta,Bixley,rbixley4w@slashdot.org,Female,993-998-7691
Thorstein,Labram,tlabram4x@google.fr,Male,776-100-8224
Laverna,Rubenov,lrubenov4y@wordpress.com,Female,825-718-5947
Leticia,Allden,lallden4z@tripadvisor.com,Female,447-940-2138
Munmro,Maiden,mmaiden50@noaa.gov,Male,859-364-5620
Tabb,Huchot,thuchot51@cyberchimps.com,Male,833-679-9128
Joly,Clingan,jclingan52@sourceforge.net,Female,479-165-1069
Maisey,Stodit,mstodit53@posterous.com,Female,852-656-5883
Dwight,Routhorn,drouthorn54@reverbnation.com,Male,938-946-9660
Bertha,Beardshaw,bbeardshaw55@cnet.com,Female,414-393-9901
Mollee,Philpott,mphilpott56@stanford.edu,Female,543-266-9453
Brien,McCuis,bmccuis57@histats.com,Male,911-357-8977
Kelila,Burnsides,kburnsides58@stanford.edu,Female,959-803-0300
Davin,Wozencraft,dwozencraft59@google.fr,Male,860-119-6862
Filbert,Sneezem,fsneezem5a@issuu.com,Male,657-376-2413
Derril,Laurencot,dlaurencot5b@t.co,Male,625-688-6623
Becki,Bugs,bbugs5c@com.com,Female,686-363-2494
Fidela,Rippon,frippon5d@reference.com,Female,843-942-9581
Nicholle,Costigan,ncostigan5e@squidoo.com,Female,720-184-4933
Janene,Downgate,jdowngate5f@constantcontact.com,Female,501-419-6299
Johnnie,Goulborn,jgoulborn5g@rambler.ru,Male,821-496-0396
Madonna,Shankster,mshankster5h@ted.com,Female,770-108-6261
Karna,McAndie,kmcandie5i@deviantart.com,Female,855-192-5092
Elayne,Magrannell,emagrannell5j@usgs.gov,Female,948-134-6920
Philbert,Arnfield,parnfield5k@hubpages.com,Male,433-600-9480
Felice,Renshaw,frenshaw5l@microsoft.com,Female,260-189-0237
Skyler,Elletson,selletson5m@wisc.edu,Male,352-344-3170
Evita,Wharrier,ewharrier5n@histats.com,Female,340-846-5108
Rancell,Baruch,rbaruch5o@smugmug.com,Male,123-275-3680
Audrye,Gatland,agatland5p@last.fm,Female,548-408-7753
Britni,Earwicker,bearwicker5q@about.me,Female,433-397-0158
Derrek,Boig,dboig5r@cbc.ca,Male,265-972-0449
Keefer,Jerram,kjerram5s@slate.com,Male,589-348-8831
Ivonne,Jones,ijones5t@columbia.edu,Female,246-535-8148
Brig,Levinge,blevinge5u@ca.gov,Male,790-790-2094
Natalie,Imlacke,nimlacke5v@gnu.org,Female,310-948-1479
Ambrosi,Irvin,airvin5w@yellowbook.com,Male,599-976-8619
Cecilius,Rathjen,crathjen5x@tripadvisor.com,Male,454-748-4618
Gerik,Twelvetrees,gtwelvetrees5y@rambler.ru,Male,583-902-1139
Laurie,MacAloren,lmacaloren5z@icio.us,Male,955-558-0727
Peta,Leatherborrow,pleatherborrow60@mac.com,Female,633-249-7868
Nonah,Whyard,nwhyard61@si.edu,Female,757-259-4699
Ardelle,McRae,amcrae62@gizmodo.com,Female,717-965-4397
Katrine,Mintrim,kmintrim63@nature.com,Female,699-279-8007
Carissa,Furzer,cfurzer64@smh.com.au,Female,368-603-2600
Madlin,Spenceley,mspenceley65@w3.org,Female,989-882-7052
Alix,Skurray,askurray66@feedburner.com,Female,801-366-0802
Parnell,Zorzenoni,pzorzenoni67@latimes.com,Male,688-395-0603
Philippe,Weedall,pweedall68@last.fm,Female,343-398-5070
Shirlee,Coche,scoche69@moonfruit.com,Female,989-777-0391
Adolpho,Antonik,aantonik6a@i2i.jp,Male,335-372-8194
Deloria,Knipe,dknipe6b@networksolutions.com,Female,988-833-0146
Atlanta,Chevers,achevers6c@google.com,Female,547-969-1046
Gabie,Golborne,ggolborne6d@yellowpages.com,Male,464-735-9625
Harper,Melbert,hmelbert6e@sphinn.com,Male,761-662-3001
Balduin,Player,bplayer6f@samsung.com,Male,881-115-7390
Maurine,Samper,msamper6g@symantec.com,Female,997-417-5684
Kendricks,Whitmore,kwhitmore6h@creativecommons.org,Male,433-300-9824
Sunny,Lumsdaine,slumsdaine6i@bbc.co.uk,Male,583-985-0596
Cristina,Winspire,cwinspire6j@comsenz.com,Female,562-216-9279
Jason,Guisler,jguisler6k@senate.gov,Male,390-352-7266
Marthena,Kneale,mkneale6l@discuz.net,Female,573-281-5969
Evelyn,Vial,evial6m@ihg.com,Male,411-770-1159
Adlai,Kondratovich,akondratovich6n@geocities.jp,Male,831-100-0084
Francois,Bichener,fbichener6o@tinypic.com,Male,563-984-5742
Simon,Schutter,sschutter6p@examiner.com,Male,327-624-2233
Dianne,Antonias,dantonias6q@netscape.com,Female,775-552-4718
Jennilee,Valentino,jvalentino6r@oaic.gov.au,Female,589-145-3591
Clarissa,Kix,ckix6s@qq.com,Female,772-116-8938
Reece,Grindell,rgrindell6t@surveymonkey.com,Male,592-412-4710
Gisella,Margery,gmargery6u@epa.gov,Female,453-120-8274
Tristan,Turri,tturri6v@fastcompany.com,Male,402-686-2009
Horton,Kingscott,hkingscott6w@go.com,Male,978-210-9090
Antonia,Vaux,avaux6x@ox.ac.uk,Female,274-706-0019
Rich,Michie,rmichie6y@t.co,Male,343-452-0725
Eartha,Faunt,efaunt6z@webs.com,Female,941-195-8114
Lem,Sherbourne,lsherbourne70@berkeley.edu,Male,391-856-0241
Jany,Chart,jchart71@dell.com,Female,809-854-7923
Mersey,Reicherz,mreicherz72@slashdot.org,Female,352-357-7430
Max,Strover,mstrover73@hubpages.com,Female,308-999-7534
Bruno,Gercke,bgercke74@redcross.org,Male,692-387-7838
Trudy,Pepineaux,tpepineaux75@home.pl,Female,181-688-4539
Conan,McTurley,cmcturley76@tuttocitta.it,Male,690-424-5457
Currie,Lathe,clathe77@scribd.com,Male,757-527-9946
Noelyn,Torbeck,ntorbeck78@odnoklassniki.ru,Female,828-573-0401
Abbe,Owain,aowain79@facebook.com,Male,654-188-7544
Herminia,Cudworth,hcudworth7a@prweb.com,Female,319-819-2144
Thomas,Sans,tsans7b@nih.gov,Male,110-566-2657
Lucas,Rann,lrann7c@amazon.co.jp,Male,108-183-1931
Briny,Govier,bgovier7d@elegantthemes.com,Female,383-544-4849
Juliann,Stritton,jstritton7e@symantec.com,Female,877-398-4461
Abra,Cockerell,acockerell7f@accuweather.com,Female,974-359-3370
Doria,Stripling,dstripling7g@constantcontact.com,Female,504-966-1754
Bartolomeo,Labat,blabat7h@kickstarter.com,Male,841-180-9546
Pietra,Jaray,pjaray7i@nydailynews.com,Female,490-887-0270
Rupert,Whelpdale,rwhelpdale7j@163.com,Male,396-885-7003
Brenna,Pemberton,bpemberton7k@cargocollective.com,Female,452-184-6636
Sascha,Onyon,sonyon7l@thetimes.co.uk,Female,837-397-7598
Berty,Stronough,bstronough7m@vk.com,Female,412-276-9815
Gilberte,Simla,gsimla7n@canalblog.com,Female,212-481-3172
Minor,Mitford,mmitford7o@java.com,Male,849-756-3627
Barnabe,Maltster,bmaltster7p@feedburner.com,Male,767-352-0552
Merralee,Tierny,mtierny7q@toplist.cz,Female,876-624-8154
Mano,Bimrose,mbimrose7r@blog.com,Male,882-212-1918
Gertie,Jaycox,gjaycox7s@ucsd.edu,Female,725-567-3037
Natalie,Sinnatt,nsinnatt7t@themeforest.net,Female,367-519-0226
Karl,Janson,kjanson7u@google.es,Male,107-336-5922
Karyl,Erridge,kerridge7v@state.gov,Female,553-885-6974
Mandy,Trevithick,mtrevithick7w@indiatimes.com,Female,561-870-8207
Valentina,Lowe,vlowe7x@seesaa.net,Female,954-511-9501
Clayton,Cardinal,ccardinal7y@pcworld.com,Male,972-310-4889
Hendrika,MacRanald,hmacranald7z@vk.com,Female,842-798-5082
Elspeth,Rissen,erissen80@gmpg.org,Female,989-549-0889
Pavlov,Troak,ptroak81@51.la,Male,477-466-8084
Manda,Holhouse,mholhouse82@nps.gov,Female,962-180-1499
Mikael,Braznell,mbraznell83@who.int,Male,416-866-5056
Rey,Mariette,rmariette84@amazonaws.com,Female,957-690-5363
Dewitt,Simoes,dsimoes85@icq.com,Male,404-952-7869
Lelah,Keer,lkeer86@boston.com,Female,228-295-4136
Sharlene,Rozenbaum,srozenbaum87@examiner.com,Female,387-243-0899
Lorant,Mowne,lmowne88@reddit.com,Male,985-329-7191
Xerxes,Nairns,xnairns89@amazon.co.jp,Male,312-490-4968
Toinette,Renfrew,trenfrew8a@goodreads.com,Female,312-710-1982
Vite,Dumelow,vdumelow8b@geocities.com,Male,103-437-3540
Verine,Arendsen,varendsen8c@fastcompany.com,Female,282-582-7229
Gordy,Jacobsson,gjacobsson8d@census.gov,Male,892-515-6384
Shaylyn,Chamley,schamley8e@yolasite.com,Female,865-412-3845
Alika,Skaife,askaife8f@uiuc.edu,Female,159-698-9085
Morgen,McCobb,mmccobb8g@cargocollective.com,Male,117-604-6726
Edgardo,Cancelier,ecancelier8h@zimbio.com,Male,635-415-7951
Maggy,Palmar,mpalmar8i@tuttocitta.it,Female,296-986-2529
Mac,Kilroy,mkilroy8j@uiuc.edu,Male,352-130-3344
Hastings,Gibbings,hgibbings8k@xinhuanet.com,Male,136-771-5173
Maritsa,Sorro,msorro8l@dropbox.com,Female,240-365-4564
Trenton,Shine,tshine8m@51.la,Male,712-529-3052
Abdul,Legate,alegate8n@flavors.me,Male,761-969-0995
Idalia,Grigorio,igrigorio8o@networksolutions.com,Female,413-895-8192
Guido,Kubas,gkubas8p@gravatar.com,Male,201-976-9481
Morty,Reddle,mreddle8q@howstuffworks.com,Male,288-262-5680
Bunni,Memory,bmemory8r@vkontakte.ru,Female,119-912-3952
Gabbie,Mathiasen,gmathiasen8s@dot.gov,Male,495-573-5419
Hannah,Juckes,hjuckes8t@walmart.com,Female,916-924-9027
Price,Titterrell,ptitterrell8u@berkeley.edu,Male,973-141-1844
Farris,Le Breton De La Vieuville,flebretondelavieuville8v@skyrock.com,Male,749-742-4451
Agosto,Cuerdale,acuerdale8w@miibeian.gov.cn,Male,837-839-6144
Devan,Oki,doki8x@altervista.org,Female,908-131-1531
Verina,Ridehalgh,vridehalgh8y@google.pl,Female,356-231-4676
Frederik,Bonifazio,fbonifazio8z@hubpages.com,Male,435-331-0429
Whitman,Lofts,wlofts90@mlb.com,Male,658-466-6533
Howey,Liebmann,hliebmann91@slideshare.net,Male,842-449-2083
Kessia,Darnell,kdarnell92@wordpress.org,Female,924-563-0665
Judie,Splevin,jsplevin93@printfriendly.com,Female,821-165-3896
Tad,Perrins,tperrins94@squarespace.com,Male,165-681-2744
Denyse,Margrett,dmargrett95@twitpic.com,Female,723-779-5320
Estrellita,Thompson,ethompson96@google.com,Female,101-571-8948
Andrej,Garden,agarden97@fc2.com,Male,575-598-0422
Eleanore,Baudon,ebaudon98@skype.com,Female,898-252-2207
Quinta,Antognetti,qantognetti99@fastcompany.com,Female,200-272-6630
Nannette,Scoyles,nscoyles9a@forbes.com,Female,572-627-4873
Winslow,Spragg,wspragg9b@ted.com,Male,526-602-1835
Randal,Rayment,rrayment9c@soup.io,Male,421-436-6590
Ringo,MacKenny,rmackenny9d@liveinternet.ru,Male,881-103-4509
Rodge,Adams,radams9e@ameblo.jp,Male,155-316-0250
Thor,Dunlap,tdunlap9f@nasa.gov,Male,544-931-7997
Lilyan,Meredith,lmeredith9g@macromedia.com,Female,635-207-6385
Sonnie,Malinowski,smalinowski9h@shinystat.com,Female,232-907-3211
Biddie,Profit,bprofit9i@hhs.gov,Female,652-908-9860
Taddeo,Caslin,tcaslin9j@archive.org,Male,666-405-9490
Carine,Devey,cdevey9k@samsung.com,Female,416-545-0020
Shaine,Jesson,sjesson9l@jimdo.com,Female,905-268-3727
Christophorus,Snelson,csnelson9m@webmd.com,Male,592-485-9422
Nola,Cino,ncino9n@exblog.jp,Female,515-383-3949
Janeen,Martelet,jmartelet9o@earthlink.net,Female,603-956-3675
Ozzy,Oakes,ooakes9p@hexun.com,Male,199-999-3458
Roderigo,Pinhorn,rpinhorn9q@webmd.com,Male,972-369-9998
Jamie,Culleton,jculleton9r@people.com.cn,Male,408-892-8973
Kelci,Terlinden,kterlinden9s@blogger.com,Female,688-523-7308
Teddi,Paxman,tpaxman9t@spotify.com,Female,946-961-6320
Cal,Breckon,cbreckon9u@apple.com,Female,864-810-3847
Berti,Winchester,bwinchester9v@hostgator.com,Female,248-731-5045
Briney,Enders,benders9w@miibeian.gov.cn,Female,102-352-9729
Dorena,Fairbank,dfairbank9x@google.cn,Female,724-118-9891
Annissa,Trudgeon,atrudgeon9y@bizjournals.com,Female,461-581-5718
Corny,Pinchbeck,cpinchbeck9z@japanpost.jp,Male,834-680-9887
Cass,Nickols,cnickolsa0@apache.org,Female,343-499-8178
Marlyn,Skoggings,mskoggingsa1@zdnet.com,Female,513-556-5581
Abbott,Gemlett,agemletta2@desdev.cn,Male,103-156-0013
Meggy,Duffyn,mduffyna3@skyrock.com,Female,808-491-9345
Tara,Pawling,tpawlinga4@nbcnews.com,Female,727-165-9816
Bell,Skewis,bskewisa5@shareasale.com,Female,568-875-9024
Mirelle,Aucoate,maucoatea6@csmonitor.com,Female,901-726-9919
Ross,Hillum,rhilluma7@mayoclinic.com,Male,292-180-4727
Bette,Mathissen,bmathissena8@zimbio.com,Female,986-925-6394
Nike,Jessen,njessena9@meetup.com,Female,723-734-2837
Julian,Milstead,jmilsteadaa@networkadvertising.org,Male,714-891-3791
Pryce,Quartley,pquartleyab@123-reg.co.uk,Male,441-427-5603
Yurik,Fruin,yfruinac@creativecommons.org,Male,326-115-3836
Emile,Breslane,ebreslanead@si.edu,Male,913-221-9997
Elspeth,Chadney,echadneyae@amazonaws.com,Female,305-975-0452
Hali,Peppett,hpeppettaf@fotki.com,Female,359-575-2236
Kort,Argabrite,kargabriteag@seesaa.net,Male,842-725-4757
Devonne,Curme,dcurmeah@vkontakte.ru,Female,789-732-2048
Gael,Skamell,gskamellai@huffingtonpost.com,Male,157-699-1723
Shoshana,Hinckesman,shinckesmanaj@comcast.net,Female,972-213-3605
Bobbie,MacDearmont,bmacdearmontak@a8.net,Female,884-893-6395
Milena,Coneron,mconeronal@skyrock.com,Female,989-293-3983
Ange,Musprat,amuspratam@nymag.com,Male,314-441-3897
Roderick,MacMillan,rmacmillanan@artisteer.com,Male,436-213-0558
Phillipe,Rockwell,prockwellao@furl.net,Male,767-419-0641
Hubert,Pidcock,hpidcockap@ifeng.com,Male,943-744-3416
Anatol,Meegan,ameeganaq@sina.com.cn,Male,475-654-8419
Jules,Beckles,jbecklesar@php.net,Male,252-567-0141
Isa,Rapson,irapsonas@npr.org,Female,519-791-7997
Ola,Ibarra,oibarraat@mtv.com,Female,297-827-5892
Nathalia,Lowell,nlowellau@prlog.org,Female,217-348-3761
Viki,Snary,vsnaryav@barnesandnoble.com,Female,993-748-3739
Devi,Whitear,dwhitearaw@nydailynews.com,Female,901-503-3537
Katha,Donat,kdonatax@mashable.com,Female,393-946-7579
Carson,Hayden,chaydenay@uol.com.br,Male,341-572-5008
Charla,Boame,cboameaz@ning.com,Female,508-246-1455
Filmore,Housen,fhousenb0@dailymail.co.uk,Male,489-952-2661
Mason,Seid,mseidb1@flavors.me,Male,123-327-5494
Fritz,Theis,ftheisb2@1688.com,Male,194-337-7294
Kelcey,Polle,kpolleb3@baidu.com,Female,931-727-6923
Hermy,Rowbottom,hrowbottomb4@aboutads.info,Male,952-439-1652
Guillermo,Matchett,gmatchettb5@goodreads.com,Male,225-212-5531
Yorgo,Kinnock,ykinnockb6@livejournal.com,Male,774-478-5417
Creigh,Hencke,chenckeb7@hubpages.com,Male,790-301-5380
Karyl,Wye,kwyeb8@cornell.edu,Female,492-444-3044
Melvin,MacKeogh,mmackeoghb9@yelp.com,Male,489-949-9408
Reider,Wordsley,rwordsleyba@boston.com,Male,274-949-1875
Kerrin,Luxmoore,kluxmoorebb@vinaora.com,Female,238-654-0296
Timofei,Coote,tcootebc@arstechnica.com,Male,834-285-5193
Alta,Gilmour,agilmourbd@wix.com,Female,441-521-3168
Minnnie,Steiner,msteinerbe@parallels.com,Female,328-907-9994
Enrica,Morfell,emorfellbf@linkedin.com,Female,991-808-5975
Jennilee,Championnet,jchampionnetbg@bing.com,Female,472-954-4043
Con,Algy,calgybh@ted.com,Female,316-533-1757
Livia,Yurtsev,lyurtsevbi@redcross.org,Female,140-686-4327
Van,Tabert,vtabertbj@squidoo.com,Female,136-835-9695
Robenia,Peltzer,rpeltzerbk@spiegel.de,Female,717-864-0965
Palmer,Corro,pcorrobl@sfgate.com,Male,234-928-6112
Frieda,Kinnier,fkinnierbm@barnesandnoble.com,Female,182-100-4523
Paddy,Thackwray,pthackwraybn@umn.edu,Male,195-702-6027
Creigh,McVey,cmcveybo@smugmug.com,Male,646-198-3792
Rodina,MacGrath,rmacgrathbp@google.co.jp,Female,738-583-6570
Brande,Ciccottini,bciccottinibq@pen.io,Female,828-919-5358
Colas,Iglesia,ciglesiabr@w3.org,Male,707-393-1717
Rasia,Silverton,rsilvertonbs@zimbio.com,Female,392-553-2129
Lazare,Boggas,lboggasbt@sciencedaily.com,Male,580-963-6948
Renado,Furzer,rfurzerbu@ft.com,Male,171-339-6451
Elayne,LeEstut,eleestutbv@twitpic.com,Female,983-602-3586
Toby,Fever,tfeverbw@wikispaces.com,Male,818-427-5765
Trstram,Tremathack,ttremathackbx@who.int,Male,524-768-7634
Elysee,Frane,efraneby@un.org,Female,598-804-3879
Vittorio,Norwood,vnorwoodbz@amazonaws.com,Male,432-470-3194
Johnny,Greathead,jgreatheadc0@bluehost.com,Male,205-166-5673
Douglass,Rollo,drolloc1@tinyurl.com,Male,919-880-6805
Bev,Blees,bbleesc2@sfgate.com,Male,455-657-2392
Taffy,Milmo,tmilmoc3@networkadvertising.org,Female,762-250-1879
Matthew,McLennan,mmclennanc4@google.fr,Male,504-880-4719
Anthony,Poppy,apoppyc5@unc.edu,Male,809-248-1515
Allys,Dooher,adooherc6@flavors.me,Female,423-116-8148
Cristy,Mandrake,cmandrakec7@thetimes.co.uk,Female,314-261-5345
Bond,Dumbar,bdumbarc8@msu.edu,Male,293-435-0453
Stan,Kalkhoven,skalkhovenc9@meetup.com,Male,168-135-4076
Ossie,Tartt,otarttca@jimdo.com,Male,238-715-8312
Gerhardt,De Bruijn,gdebruijncb@reference.com,Male,934-550-8828
Anita,Leckenby,aleckenbycc@shutterfly.com,Female,904-690-0880
Lindsay,Cassel,lcasselcd@deviantart.com,Female,630-899-1667
Ollie,Whether,owhetherce@bloomberg.com,Male,832-369-3243
Braden,Burnip,bburnipcf@shareasale.com,Male,969-652-3567
Carrissa,Lillegard,clillegardcg@fastcompany.com,Female,628-712-0421
Parker,Ceresa,pceresach@linkedin.com,Male,223-588-0753
Francene,Yendle,fyendleci@desdev.cn,Female,995-238-1175
Charlton,Haselhurst,chaselhurstcj@merriam-webster.com,Male,488-999-7425
Etienne,Culshew,eculshewck@amazon.co.jp,Male,777-530-4201
Zaccaria,Meddows,zmeddowscl@buzzfeed.com,Male,361-832-2864
Carlin,Eccleshare,cecclesharecm@umich.edu,Female,139-784-3058
Eleni,Quarry,equarrycn@google.fr,Female,502-217-0405
Floria,McAdam,fmcadamco@miitbeian.gov.cn,Female,390-488-4068
Ardis,Jacobowicz,ajacobowiczcp@soundcloud.com,Female,758-828-6604
Keith,Symms,ksymmscq@bloglovin.com,Male,212-623-4207
Rosie,Ligoe,rligoecr@ft.com,Female,528-797-6310
Martie,Yandle,myandlecs@barnesandnoble.com,Male,342-228-3240
Dunstan,Bees,dbeesct@jalbum.net,Male,606-155-0172
Karee,Bondesen,kbondesencu@nytimes.com,Female,256-275-9386
Niven,Reeds,nreedscv@ebay.com,Male,587-723-5176
Trish,Lassey,tlasseycw@gnu.org,Female,819-154-6454
Egbert,Palatino,epalatinocx@guardian.co.uk,Male,693-809-8419
Lorne,Whereat,lwhereatcy@jigsy.com,Female,900-890-9076
Izak,Matzeitis,imatzeitiscz@goo.gl,Male,351-245-8565
Ferdy,Hodgen,fhodgend0@harvard.edu,Male,727-287-8416
Gael,Segrott,gsegrottd1@t-online.de,Female,301-820-4157
Cleon,Albion,calbiond2@ox.ac.uk,Male,315-147-1884
Chevalier,Kermannes,ckermannesd3@state.tx.us,Male,338-656-0120
Maureene,Tunuy,mtunuyd4@ox.ac.uk,Female,171-526-6083
Vanessa,Hagger,vhaggerd5@zimbio.com,Female,575-952-4032
Timothy,Warbeys,twarbeysd6@ebay.com,Male,581-407-4683
Michelle,Peppard,mpeppardd7@flavors.me,Female,461-617-9801
Inglebert,Lessmare,ilessmared8@yandex.ru,Male,551-271-5003
Dusty,Seeks,dseeksd9@people.com.cn,Female,110-555-5723
Rowena,Oldfield-Cherry,roldfieldcherryda@accuweather.com,Female,531-617-2852
Aldridge,Dimelow,adimelowdb@meetup.com,Male,694-249-9260
Brianne,Sheddan,bsheddandc@netlog.com,Female,875-279-9715
Ansell,Fleote,afleotedd@cnet.com,Male,499-378-4082
Mayne,Linzey,mlinzeyde@howstuffworks.com,Male,627-136-7924
Kirk,Ummfrey,kummfreydf@t.co,Male,926-866-1100
Ellen,Artis,eartisdg@springer.com,Female,492-646-5919
Cassi,Androli,candrolidh@thetimes.co.uk,Female,402-190-8643
Bank,Mountlow,bmountlowdi@springer.com,Male,518-660-8977
Karlis,Foffano,kfoffanodj@zimbio.com,Male,297-389-9188
Bartie,Mendonca,bmendoncadk@bbc.co.uk,Male,153-925-6164
Foss,Peete,fpeetedl@discovery.com,Male,247-232-2620
Layney,Longstaffe,llongstaffedm@umn.edu,Female,310-841-7046
Derek,Gribbon,dgribbondn@epa.gov,Male,948-183-4356
Shaina,Sandercroft,ssandercroftdo@stanford.edu,Female,812-934-9359
Denni,Raubenheimers,draubenheimersdp@berkeley.edu,Female,930-733-4356
Gustie,Sterndale,gsterndaledq@ocn.ne.jp,Female,618-956-3050
Stafford,Thyer,sthyerdr@amazon.co.uk,Male,672-693-4304
Rudy,Hazlegrove,rhazlegroveds@columbia.edu,Male,261-612-2550
Odelle,Synke,osynkedt@unicef.org,Female,176-483-6646
Carlye,Studders,cstuddersdu@elegantthemes.com,Female,163-416-0138
Fax,Chene,fchenedv@slate.com,Male,939-995-2813
Dewie,Paolozzi,dpaolozzidw@sciencedirect.com,Male,964-712-5023
Leopold,Tratton,ltrattondx@omniture.com,Male,124-599-5018
Shelli,Gauvin,sgauvindy@blogger.com,Female,432-516-4577
Carlyle,Venard,cvenarddz@nature.com,Male,321-698-3060
Rozalin,Tristram,rtristrame0@phoca.cz,Female,298-505-7434
Rossy,Mustoe,rmustoee1@sbwire.com,Male,373-836-2678
Georgianna,Hachard,ghacharde2@guardian.co.uk,Female,381-285-5782
Brent,Freckelton,bfreckeltone3@blog.com,Male,777-721-7213
Rora,Mulder,rmuldere4@dailymail.co.uk,Female,103-141-0052
Shoshanna,Pherps,spherpse5@free.fr,Female,350-339-2076
Craggie,Kinch,ckinche6@a8.net,Male,342-488-8776
Leelah,Perot,lperote7@engadget.com,Female,856-647-8920
Karie,Kenchington,kkenchingtone8@taobao.com,Female,676-656-2680
Aurea,Percifull,apercifulle9@newsvine.com,Female,840-292-2461
Cort,Baverstock,cbaverstockea@cargocollective.com,Male,866-878-8448
Willdon,Lindenbluth,wlindenblutheb@about.me,Male,907-222-8681
Debora,Panton,dpantonec@google.com.br,Female,817-612-3820
Godfrey,Cariss,gcarissed@craigslist.org,Male,506-517-2058
Dex,Blagdon,dblagdonee@sourceforge.net,Male,316-583-8440
Ross,Anthes,ranthesef@unc.edu,Male,595-994-9610
Gracia,Hallihane,ghallihaneeg@google.it,Female,916-416-9150
Cortie,Layborn,clayborneh@oracle.com,Male,577-756-6218
Oralle,Durno,odurnoei@ucoz.ru,Female,695-466-4774
Eba,Campanelli,ecampanelliej@hao123.com,Female,242-339-0664
Dianne,Govini,dgoviniek@toplist.cz,Female,545-459-8532
Harlan,Lutzmann,hlutzmannel@go.com,Male,984-136-7159
Oliver,Iveagh,oiveaghem@ehow.com,Male,556-985-4787
Rubie,Cestard,rcestarden@geocities.com,Female,757-224-1260
Sallie,Marcombe,smarcombeeo@dmoz.org,Female,720-905-1247
Doy,Hynson,dhynsonep@netvibes.com,Male,915-703-4755
Walther,Starmore,wstarmoreeq@guardian.co.uk,Male,697-639-2866
Kalvin,McIlhagga,kmcilhaggaer@twitter.com,Male,805-529-0106
Fernandina,Pantlin,fpantlines@fc2.com,Female,582-565-7119
Thornie,Margetson,tmargetsonet@mapy.cz,Male,240-280-7484
Agathe,Tingly,atinglyeu@wordpress.com,Female,356-346-4824
Mitchel,Mussen,mmussenev@miibeian.gov.cn,Male,923-890-1648
Aurel,Skoggins,askogginsew@mashable.com,Female,352-776-1125
Michele,Copsey,mcopseyex@sourceforge.net,Male,853-792-6743
Pembroke,Ashmole,pashmoleey@nature.com,Male,189-483-4015
Elora,Laville,elavilleez@jalbum.net,Female,229-695-1388
Lucilia,Skirvin,lskirvinf0@twitter.com,Female,503-194-9203
Amity,Eastwood,aeastwoodf1@soundcloud.com,Female,881-254-1274
Hildagard,Cornner,hcornnerf2@parallels.com,Female,959-264-2981
Nessy,McKeighan,nmckeighanf3@cbslocal.com,Female,923-984-6766
Guenna,Pirrey,gpirreyf4@ihg.com,Female,212-292-9055
Tamas,McSpirron,tmcspirronf5@diigo.com,Male,510-388-9992
Hussein,Gilphillan,hgilphillanf6@clickbank.net,Male,281-529-3830
Norma,Surgenor,nsurgenorf7@wufoo.com,Female,324-971-9135
Lorette,Hacquoil,lhacquoilf8@google.ca,Female,439-475-3513
Ramona,Pringell,rpringellf9@globo.com,Female,675-881-1721
Lena,Hurburt,lhurburtfa@unc.edu,Female,584-651-3389
Alanson,Jex,ajexfb@discovery.com,Male,309-474-6831
Haley,De Ferrari,hdeferrarifc@wp.com,Female,926-682-1240
Rebeca,Brewitt,rbrewittfd@nifty.com,Female,999-707-8264
Clemente,Pollastrino,cpollastrinofe@nhs.uk,Male,723-170-6591
Livia,Pinhorn,lpinhornff@hibu.com,Female,640-396-4331
Rorie,Cawse,rcawsefg@ft.com,Female,546-715-2096
Arch,O'Dempsey,aodempseyfh@comcast.net,Male,886-569-4942
Sheba,Cisneros,scisnerosfi@dell.com,Female,544-991-1268
Harman,Storton,hstortonfj@irs.gov,Male,239-342-2231
Verile,Wallas,vwallasfk@bizjournals.com,Female,246-660-1957
Davida,Sparshatt,dsparshattfl@psu.edu,Female,154-408-5137
Staci,Dechelette,sdechelettefm@list-manage.com,Female,101-283-9696
Emerson,Bendon,ebendonfn@elegantthemes.com,Male,886-972-1202
Benjamin,Poulett,bpoulettfo@oracle.com,Male,176-822-2693
Susette,Gurr,sgurrfp@tuttocitta.it,Female,322-104-0210
Fania,Abbitt,fabbittfq@mysql.com,Female,720-807-7496
Editha,Dukes,edukesfr@bloglovin.com,Female,502-988-2190
Alexis,Lane,alanefs@telegraph.co.uk,Male,586-333-1740
Conroy,Pechard,cpechardft@addtoany.com,Male,400-683-5172
Kandace,Turri,kturrifu@reference.com,Female,882-472-5850
Clotilda,Dyton,cdytonfv@smugmug.com,Female,380-494-3380
Alvina,Kief,akieffw@army.mil,Female,119-999-6516
Gabriella,Vazquez,gvazquezfx@yellowpages.com,Female,853-583-2009
Magdaia,Chesshire,mchesshirefy@statcounter.com,Female,838-231-4777
Gerardo,Children,gchildrenfz@bbc.co.uk,Male,323-636-4669
Keen,Kindred,kkindredg0@example.com,Male,199-849-2148
Rochell,Murfin,rmurfing1@com.com,Female,819-340-7182
Joline,Shawcross,jshawcrossg2@scribd.com,Female,196-559-8867
Katrine,Olyonov,kolyonovg3@hibu.com,Female,794-701-3339
Bryant,Jeafferson,bjeaffersong4@edublogs.org,Male,816-622-2859
Cristina,Franzke,cfranzkeg5@sohu.com,Female,152-761-6370
Meagan,Eakeley,meakeleyg6@msu.edu,Female,106-611-0689
Deidre,Cristofano,dcristofanog7@ucoz.ru,Female,553-590-6336
Carissa,Whitcombe,cwhitcombeg8@biglobe.ne.jp,Female,987-261-9061
Alvina,Stoneman,astonemang9@imdb.com,Female,832-852-2595
Hilario,Spore,hsporega@qq.com,Male,832-193-9653
Zacharias,Goldthorp,zgoldthorpgb@godaddy.com,Male,972-298-9803
Marlena,Speeding,mspeedinggc@reverbnation.com,Female,795-715-2086
Nikoletta,Gerckens,ngerckensgd@youtube.com,Female,314-277-3709
Letty,Ellingworth,lellingworthge@ca.gov,Female,726-829-8867
Lucio,Cherrett,lcherrettgf@craigslist.org,Male,337-769-7902
Palm,Napolitano,pnapolitanogg@sourceforge.net,Male,704-230-0154
Ardelis,Maskelyne,amaskelynegh@yahoo.com,Female,655-342-1076
Fonsie,Basile,fbasilegi@slideshare.net,Male,817-805-2577
Beltran,Leghorn,bleghorngj@cdc.gov,Male,106-547-4817
Correy,Mooring,cmooringgk@feedburner.com,Female,469-797-4051
Evered,MacLaughlin,emaclaughlingl@tamu.edu,Male,859-813-3242
Zuzana,Bysh,zbyshgm@cloudflare.com,Female,923-870-8918
Gwendolyn,Greson,ggresongn@java.com,Female,224-572-0551
Gerry,Zavattari,gzavattarigo@china.com.cn,Male,175-868-8636
Helene,Hansman,hhansmangp@simplemachines.org,Female,813-419-0151
Morena,Thirsk,mthirskgq@plala.or.jp,Female,207-934-2183
Goldarina,Broadnicke,gbroadnickegr@washington.edu,Female,280-553-7658
Dorry,Dilloway,ddillowaygs@ocn.ne.jp,Female,180-709-8324
Florian,Rabbage,frabbagegt@tumblr.com,Male,431-710-4347
Kendal,Mallord,kmallordgu@msn.com,Male,188-896-5723
Irvine,Doget,idogetgv@narod.ru,Male,152-671-9608
Valentijn,Ownsworth,vownsworthgw@nature.com,Male,893-241-9692
Kenon,Albisser,kalbissergx@dailymotion.com,Male,383-254-5437
Hirsch,Chiese,hchiesegy@php.net,Male,303-332-3670
Percival,Siviter,psivitergz@purevolume.com,Male,309-588-9272
Myra,Draysey,mdrayseyh0@eventbrite.com,Female,929-370-8660
Georgeta,Sharple,gsharpleh1@freewebs.com,Female,535-455-4409
Daron,Colchett,dcolchetth2@usnews.com,Male,218-331-9078
Sibley,Becken,sbeckenh3@archive.org,Female,690-424-7776
Liana,Eckly,lecklyh4@bloglines.com,Female,946-865-4843
Malva,Shreeve,mshreeveh5@cnn.com,Female,836-793-9467
Felisha,Serchwell,fserchwellh6@gmpg.org,Female,327-988-3587
Tome,Speeding,tspeedingh7@cargocollective.com,Male,594-536-5054
Dalli,Postins,dpostinsh8@google.co.jp,Male,901-497-9078
Christoph,Nutting,cnuttingh9@typepad.com,Male,239-775-1368
Fergus,Dei,fdeiha@bbc.co.uk,Male,504-679-2764
Romola,Gude,rgudehb@friendfeed.com,Female,347-288-3608
Gaven,Pedersen,gpedersenhc@unicef.org,Male,496-572-8803
Katina,Wickliffe,kwickliffehd@samsung.com,Female,418-145-2802
Pieter,Luney,pluneyhe@canalblog.com,Male,799-895-7416
Cindie,Peachman,cpeachmanhf@businesswire.com,Female,589-223-7654
Codie,Burgwin,cburgwinhg@yellowbook.com,Female,567-921-4284
Meredith,Camplin,mcamplinhh@wunderground.com,Female,229-580-8242
Alaster,Delbergue,adelberguehi@google.nl,Male,457-109-0218
Benni,Auld,bauldhj@army.mil,Female,604-835-8191
Julina,Nunnerley,jnunnerleyhk@dagondesign.com,Female,832-304-7345
Bone,Dyble,bdyblehl@go.com,Male,635-587-5889
Woodrow,Wormleighton,wwormleightonhm@facebook.com,Male,787-257-0475
Annabell,Shall,ashallhn@marriott.com,Female,735-955-8444
Lydia,Overall,loverallho@taobao.com,Female,136-431-7923
Ludovika,Louth,llouthhp@friendfeed.com,Female,470-527-1055
Jenelle,Shubotham,jshubothamhq@abc.net.au,Female,388-474-6863
Pearl,Edmons,pedmonshr@last.fm,Female,315-354-8193
Daune,Spacy,dspacyhs@tripod.com,Female,638-739-5179
Alastair,Ivanchikov,aivanchikovht@auda.org.au,Male,156-279-4367
Camel,Fillgate,cfillgatehu@goodreads.com,Female,131-616-5968
Skip,Spinelli,sspinellihv@naver.com,Male,484-351-7169
Griff,Bruck,gbruckhw@dailymotion.com,Male,308-330-6140
Wyn,Thing,wthinghx@amazon.co.uk,Male,573-475-3516
Noby,Delaprelle,ndelaprellehy@github.com,Male,892-941-6140
Daveta,Booi,dbooihz@hao123.com,Female,805-842-1251
Foster,Scotson,fscotsoni0@oracle.com,Male,554-764-5177
Chelsie,O'Griffin,cogriffini1@tinypic.com,Female,887-811-6484
Hammad,Chilvers,hchilversi2@google.nl,Male,348-351-1129
Judie,Jakubczyk,jjakubczyki3@latimes.com,Female,258-390-7735
Manya,Bande,mbandei4@skyrock.com,Female,128-729-3039
Arlina,Neville,anevillei5@hp.com,Female,465-476-7048
Ettore,Newbury,enewburyi6@nydailynews.com,Male,597-160-1936
Merilyn,Rampton,mramptoni7@spotify.com,Female,188-979-1683
Jedidiah,Shotton,jshottoni8@wikimedia.org,Male,633-649-3487
Alessandra,Millgate,amillgatei9@usgs.gov,Female,864-776-0963
Hussein,Caselli,hcaselliia@guardian.co.uk,Male,506-175-9341
Cleveland,Tyas,ctyasib@sina.com.cn,Male,954-880-6152
Brennan,Bargery,bbargeryic@accuweather.com,Male,739-377-7173
Alexei,Labat,alabatid@pbs.org,Male,295-187-2867
Idalina,Drogan,idroganie@gmpg.org,Female,788-226-4326
Quill,Regler,qreglerif@baidu.com,Male,600-507-7138
Estele,Semonin,esemoninig@adobe.com,Female,283-429-4763
Elsi,Scuse,escuseih@so-net.ne.jp,Female,663-525-2718
Dominique,Cafferky,dcafferkyii@adobe.com,Female,586-880-2020
Zorine,Macon,zmaconij@samsung.com,Female,178-357-8820
Archambault,Haighton,ahaightonik@123-reg.co.uk,Male,268-336-5995
Belicia,Kneeshaw,bkneeshawil@princeton.edu,Female,519-272-8979
Adair,Staniford,astanifordim@weebly.com,Male,597-902-9035
Andrey,Caddell,acaddellin@smh.com.au,Male,644-733-9578
Julia,Luter,jluterio@jalbum.net,Female,600-205-8409
Gib,Hansmann,ghansmannip@mediafire.com,Male,617-337-8907
Freddy,Stayte,fstayteiq@wikia.com,Male,309-650-9974
Normand,Gerhartz,ngerhartzir@usda.gov,Male,813-333-6933
Ramona,De Freitas,rdefreitasis@marketwatch.com,Female,368-716-7616
Bertrando,Tointon,btointonit@twitter.com,Male,756-470-1158
Olympie,Aries,oariesiu@theatlantic.com,Female,314-143-8583
Lazarus,Dadge,ldadgeiv@tmall.com,Male,323-848-6101
Basilius,Carless,bcarlessiw@arizona.edu,Male,964-772-2682
Sherwynd,Millward,smillwardix@google.cn,Male,157-282-1251
Quinlan,Copper,qcopperiy@msu.edu,Male,977-648-5820
Bartlet,Jouen,bjoueniz@google.it,Male,853-216-8089
Betty,Knevit,bknevitj0@admin.ch,Female,717-594-9312
Aldo,Quartly,aquartlyj1@yolasite.com,Male,954-689-9330
Mariann,Jaze,mjazej2@printfriendly.com,Female,963-142-2554
Ruthy,Norton,rnortonj3@state.gov,Female,598-933-8300
Reed,Isbell,risbellj4@noaa.gov,Male,745-121-2145
Denys,Baggalley,dbaggalleyj5@ameblo.jp,Male,236-206-4962
Bidget,Justham,bjusthamj6@booking.com,Female,475-263-6720
Carmine,Frankish,cfrankishj7@paypal.com,Female,287-554-1856
Thea,Fomichyov,tfomichyovj8@cnn.com,Female,374-354-5983
Bear,Kale,bkalej9@cnet.com,Male,391-855-1201
Ashien,Stanyard,astanyardja@blogs.com,Female,979-197-2832
Holmes,St. Pierre,hstpierrejb@e-recht24.de,Male,422-318-3501
Petrina,Fagence,pfagencejc@bandcamp.com,Female,795-382-2623
Horacio,Gundry,hgundryjd@ifeng.com,Male,518-750-4757
Edwina,Wickie,ewickieje@friendfeed.com,Female,532-314-6706
Bertha,Gritsunov,bgritsunovjf@cnbc.com,Female,350-423-2056
Katerina,Goodier,kgoodierjg@google.cn,Female,585-186-8580
Jillana,Cannavan,jcannavanjh@ycombinator.com,Female,387-940-3770
Bernhard,Kynder,bkynderji@twitpic.com,Male,584-188-9532
Vlad,Santus,vsantusjj@businesswire.com,Male,392-133-3765
Jenine,Melendez,jmelendezjk@about.com,Female,894-305-1751
Christiano,Bussel,cbusseljl@t.co,Male,618-980-0271
Mathilde,Rummings,mrummingsjm@umn.edu,Female,475-841-7533
Kevina,Cupper,kcupperjn@craigslist.org,Female,323-973-9214
Nester,Alpe,nalpejo@redcross.org,Male,621-266-1689
Nathanil,Folks,nfolksjp@irs.gov,Male,494-692-1562
Josias,Belly,jbellyjq@topsy.com,Male,905-513-7351
Leigh,Renne,lrennejr@taobao.com,Female,106-434-0373
Tarrah,Waliszek,twaliszekjs@yellowpages.com,Female,591-651-8413
Gustavus,Maddy,gmaddyjt@phpbb.com,Male,558-142-5125
Errick,Chesney,echesneyju@eventbrite.com,Male,121-211-8828
Eduardo,Bracco,ebraccojv@pbs.org,Male,620-208-5029
Elli,Hindenburg,ehindenburgjw@google.cn,Female,706-801-9498
Melony,Knappitt,mknappittjx@accuweather.com,Female,710-773-2746
Kelwin,Lockie,klockiejy@a8.net,Male,676-757-8966
Edgar,Snugg,esnuggjz@nba.com,Male,457-688-5740
Ludvig,Nobles,lnoblesk0@discuz.net,Male,114-924-0904
Rossie,Hallihan,rhallihank1@toplist.cz,Male,414-332-4568
Horatia,Colebeck,hcolebeckk2@sphinn.com,Female,355-833-8283
Palmer,Binion,pbinionk3@dot.gov,Male,206-748-2966
Cayla,Micheu,cmicheuk4@yellowbook.com,Female,542-855-2996
Ezekiel,McRinn,emcrinnk5@epa.gov,Male,557-929-1518
Angelika,Danes,adanesk6@irs.gov,Female,153-970-3291
Bertina,Crowche,bcrowchek7@multiply.com,Female,992-310-9670
Darb,Matyas,dmatyask8@state.tx.us,Female,891-541-9165
Ephraim,Menichino,emenichinok9@jalbum.net,Male,246-927-5978
Obed,Burborough,oburboroughka@nba.com,Male,865-355-3927
Barbi,O'Fielly,bofiellykb@ebay.co.uk,Female,614-525-4911
Kendall,Weyman,kweymankc@drupal.org,Male,512-607-3376
Nolie,Harmes,nharmeskd@ovh.net,Female,354-382-4092
Karry,Milthorpe,kmilthorpeke@nsw.gov.au,Female,408-657-4682
Amalee,O'Dempsey,aodempseykf@google.co.uk,Female,277-997-6180
Janos,Garlette,jgarlettekg@tinyurl.com,Male,711-491-7488
Crissie,Moorhead,cmoorheadkh@alibaba.com,Female,206-603-1337
Oliviero,Pohlke,opohlkeki@quantcast.com,Male,820-708-5441
Geoffrey,Stebbing,gstebbingkj@xing.com,Male,910-606-5476
Eamon,Antham,eanthamkk@dion.ne.jp,Male,396-757-6841
Hadleigh,Pountain,hpountainkl@soup.io,Male,347-652-0784
Lucy,Kilvington,lkilvingtonkm@businessinsider.com,Female,938-252-6279
Cacilia,Gladdis,cgladdiskn@istockphoto.com,Female,860-511-4582
Emalee,Fehners,efehnersko@nsw.gov.au,Female,536-607-8331
Myrna,Spurman,mspurmankp@usatoday.com,Female,819-225-9835
Stacee,Andrassy,sandrassykq@skype.com,Male,252-169-9573
Rene,MacDwyer,rmacdwyerkr@cafepress.com,Female,806-296-9167
Francois,Gini,fginiks@nba.com,Male,254-817-7736
Virgie,Capell,vcapellkt@time.com,Male,841-311-6262
Beverie,Orme,bormeku@samsung.com,Female,638-216-4773
Ferne,Fordyce,ffordycekv@scribd.com,Female,204-893-5663
Abramo,Ennals,aennalskw@google.es,Male,922-953-7675
Roseanne,Tisun,rtisunkx@seesaa.net,Female,499-107-9814
Bradly,Brocking,bbrockingky@gov.uk,Male,400-137-4084
Ariana,Piddle,apiddlekz@nih.gov,Female,369-290-4570
Roselin,Wilkins,rwilkinsl0@4shared.com,Female,550-761-7647
Kennedy,Syrad,ksyradl1@nbcnews.com,Male,957-839-7404
Timmie,Cramb,tcrambl2@flavors.me,Male,615-413-3006
Westleigh,Reiners,wreinersl3@google.com.br,Male,505-230-9022
Brendis,Layfield,blayfieldl4@washingtonpost.com,Male,506-692-9758
Fairlie,Harly,fharlyl5@va.gov,Male,896-111-1592
Celestyna,Good,cgoodl6@google.pl,Female,812-432-2125
Myca,Madison,mmadisonl7@bloomberg.com,Male,955-824-4097
Shel,Plak,splakl8@altervista.org,Female,566-942-8620
Shae,Paintain,spaintainl9@springer.com,Male,857-642-4984
Abbot,Suggey,asuggeyla@cbslocal.com,Male,877-812-6174
Solly,Scrannage,sscrannagelb@google.ca,Male,524-231-4073
Merlina,Calabry,mcalabrylc@cloudflare.com,Female,455-556-0828
Earvin,Mullord,emullordld@goo.gl,Male,714-588-6826
Erek,Willox,ewilloxle@dion.ne.jp,Male,175-300-9694
Karie,Trembey,ktrembeylf@wikipedia.org,Female,769-787-9465
Ignaz,Imlacke,iimlackelg@wired.com,Male,605-536-0758
Margery,Flanders,mflanderslh@sohu.com,Female,354-847-9217
Becca,Schaben,bschabenli@house.gov,Female,515-508-9148
Rudolph,Gwalter,rgwalterlj@xrea.com,Male,693-546-8967
Nerissa,Drewe,ndrewelk@livejournal.com,Female,379-490-4089
Garik,Samet,gsametll@soup.io,Male,905-790-1772
Sherry,Hambleton,shambletonlm@yelp.com,Female,841-387-5627
Culley,Gedge,cgedgeln@opensource.org,Male,375-491-1452
Ado,Mozzetti,amozzettilo@gov.uk,Male,649-338-1393
Tomlin,Bolan,tbolanlp@about.com,Male,880-686-2860
Bebe,Jeffree,bjeffreelq@cam.ac.uk,Female,887-601-0119
Marcelia,Petters,mpetterslr@aboutads.info,Female,456-711-4056
Merralee,Gooderson,mgoodersonls@ted.com,Female,394-606-3125
Yetty,Mizen,ymizenlt@sciencedirect.com,Female,491-977-2378
Lalo,Warsop,lwarsoplu@discovery.com,Male,427-653-1747
Der,Garz,dgarzlv@facebook.com,Male,992-480-1011
Gualterio,Bosley,gbosleylw@liveinternet.ru,Male,959-880-1819
Cordie,Le Brom,clebromlx@squarespace.com,Female,750-128-9135
Even,Cummins,ecumminsly@wp.com,Male,616-950-7725
Jasun,Piche,jpichelz@geocities.jp,Male,350-725-0342
Vite,Bouller,vboullerm0@dagondesign.com,Male,996-110-5059
Bertrando,Dumphries,bdumphriesm1@blog.com,Male,106-681-3772
Chaddy,MacGillespie,cmacgillespiem2@cbsnews.com,Male,887-302-4399
Erma,Reynalds,ereynaldsm3@csmonitor.com,Female,726-582-9201
Davita,Yashnov,dyashnovm4@woothemes.com,Female,717-839-1063
Seumas,Crossman,scrossmanm5@ucoz.com,Male,585-379-3890
Boyd,Hanscom,bhanscomm6@meetup.com,Male,688-264-3257
Nathaniel,Galgey,ngalgeym7@arizona.edu,Male,357-783-8171
Clare,Jillis,cjillism8@sakura.ne.jp,Male,718-302-9425
Lissa,Blackston,lblackstonm9@biblegateway.com,Female,232-459-7488
Lydia,Marsham,lmarshamma@instagram.com,Female,416-985-9715
Fleur,Casper,fcaspermb@mapquest.com,Female,346-334-6810
Velma,Balsdone,vbalsdonemc@cargocollective.com,Female,380-984-4176
Annabella,Farquar,afarquarmd@msn.com,Female,501-591-0862
Joice,Snell,jsnellme@wix.com,Female,907-886-0507
Clarine,Egdell,cegdellmf@ezinearticles.com,Female,657-477-4054
Archambault,McKeating,amckeatingmg@apple.com,Male,979-513-9153
Pincus,Irnys,pirnysmh@wikimedia.org,Male,217-495-6736
Chandra,Bernardeschi,cbernardeschimi@shareasale.com,Female,315-116-0750
Devina,Bordone,dbordonemj@unesco.org,Female,120-350-6495
Kip,Dennes,kdennesmk@biglobe.ne.jp,Male,232-449-4595
Caleb,Sinfield,csinfieldml@dyndns.org,Male,996-746-0587
Genni,Ancliffe,gancliffemm@wufoo.com,Female,369-587-1476
Evania,Campa,ecampamn@hud.gov,Female,549-801-5976
Bengt,Garnsworthy,bgarnsworthymo@cocolog-nifty.com,Male,477-482-1417
Madelina,Colvine,mcolvinemp@rediff.com,Female,546-700-4259
Glendon,Gurley,ggurleymq@yellowbook.com,Male,184-153-8681
Rafaelita,Jeffries,rjeffriesmr@weebly.com,Female,252-511-7168
Ancell,Westcarr,awestcarrms@hexun.com,Male,279-809-2530
Merrill,Blankley,mblankleymt@cam.ac.uk,Female,737-589-6354
Friedrick,Flower,fflowermu@wunderground.com,Male,419-821-9570
Sher,McCague,smccaguemv@biblegateway.com,Female,988-578-5144
Junie,Aleixo,jaleixomw@alibaba.com,Female,551-106-1652
Auberta,McGown,amcgownmx@hostgator.com,Female,433-947-5537
Gaby,Andreas,gandreasmy@prweb.com,Male,875-806-8565
Shelton,Clouston,scloustonmz@homestead.com,Male,144-717-6834
Dion,Stell,dstelln0@163.com,Female,964-863-3568
Dare,Wollers,dwollersn1@sourceforge.net,Male,123-434-8367
Burgess,Finessy,bfinessyn2@npr.org,Male,244-797-9318
Kris,Ivakhin,kivakhinn3@patch.com,Female,619-587-0360
Auria,Tait,ataitn4@fotki.com,Female,561-803-4141
Lolita,Bicksteth,lbickstethn5@multiply.com,Female,487-159-9608
Von,Bougen,vbougenn6@theglobeandmail.com,Male,744-569-0998
Ulises,Forth,uforthn7@netvibes.com,Male,529-888-1785
Orel,Brackstone,obrackstonen8@geocities.jp,Female,659-589-7894
Keelby,Timblett,ktimblettn9@va.gov,Male,758-180-5508
Christoph,Culligan,cculliganna@hostgator.com,Male,497-707-4895
Woodman,Fellman,wfellmannb@economist.com,Male,379-417-9415
Ula,O' Shea,uosheanc@blog.com,Female,677-797-8767
Hayden,Cumes,hcumesnd@ebay.co.uk,Male,274-385-8508
Kasey,Ghio,kghione@apple.com,Female,388-383-4008
Somerset,L'argent,slargentnf@buzzfeed.com,Male,920-942-9952
Moria,Folomin,mfolominng@youtube.com,Female,664-448-4635
Raynell,Riglar,rriglarnh@pinterest.com,Female,218-419-4009
Porter,Blackadder,pblackadderni@kickstarter.com,Male,139-138-3724
Philbert,Tearney,ptearneynj@youtu.be,Male,242-137-6269
Wynne,Glave,wglavenk@scientificamerican.com,Female,700-757-2432
Casper,Delleschi,cdelleschinl@disqus.com,Male,748-785-9506
Bryn,Buy,bbuynm@lulu.com,Female,463-152-5752
Logan,Kainz,lkainznn@imgur.com,Male,208-102-4819
Miriam,Gresham,mgreshamno@hp.com,Female,791-442-2990
Hakim,Varnes,hvarnesnp@eepurl.com,Male,246-104-4673
Axe,Dimeloe,adimeloenq@cbslocal.com,Male,420-462-6289
Ruthann,Lovett,rlovettnr@ycombinator.com,Female,610-464-5256
Dario,McRill,dmcrillns@hubpages.com,Male,684-662-6580
Anthia,Meeland,ameelandnt@phpbb.com,Female,822-967-5595
Bryant,McCurry,bmccurrynu@sina.com.cn,Male,218-221-8386
Bat,Fodden,bfoddennv@amazon.co.jp,Male,494-701-0325
Flore,Long,flongnw@gravatar.com,Female,377-564-1046
Catie,Wannell,cwannellnx@cpanel.net,Female,968-667-7540
Oralia,Ruzic,oruzicny@globo.com,Female,256-832-0080
Lorant,Romaint,lromaintnz@japanpost.jp,Male,552-237-5215
Willis,Kline,wklineo0@biglobe.ne.jp,Male,268-819-8611
Hashim,Boddie,hboddieo1@utexas.edu,Male,328-100-2111
Rutger,Skillen,rskilleno2@chron.com,Male,164-507-7288
Ancell,Peres,apereso3@rakuten.co.jp,Male,713-231-8073
Sonia,Quilligan,squilligano4@mediafire.com,Female,360-305-0704
Antonio,Moreland,amorelando5@vk.com,Male,992-822-8734
Giacomo,Paulson,gpaulsono6@apache.org,Male,379-423-1705
Shea,Reay,sreayo7@ft.com,Male,140-968-6216
Marylin,Woodhead,mwoodheado8@telegraph.co.uk,Female,152-364-9399
Junina,Gorriessen,jgorriesseno9@ning.com,Female,883-232-5014
Andres,Charlo,acharlooa@apache.org,Male,179-542-4192
Rufus,Britten,rbrittenob@yale.edu,Male,899-805-0268
Dorey,Charlet,dcharletoc@networkadvertising.org,Female,384-383-8643
Lorne,Bonelle,lbonelleod@msu.edu,Female,712-737-1663
Martie,Mulvenna,mmulvennaoe@ask.com,Male,459-265-0044
Chicky,Forsyth,cforsythof@facebook.com,Male,941-298-3567
Brear,Lune,bluneog@hostgator.com,Female,489-844-9678
Daile,Flann,dflannoh@amazon.co.jp,Female,140-392-8203
Jennie,Lumsdale,jlumsdaleoi@tinypic.com,Female,568-631-6051
Robers,Zuker,rzukeroj@instagram.com,Male,763-252-1551
Hillier,Neachell,hneachellok@studiopress.com,Male,262-735-7546
Noah,Grossman,ngrossmanol@auda.org.au,Male,392-319-8648
Mord,Mitchelson,mmitchelsonom@homestead.com,Male,928-585-9077
Sergio,Maggi,smaggion@smugmug.com,Male,552-548-2962
Natalya,Delacote,ndelacoteoo@ihg.com,Female,518-906-2944
Mirilla,Maude,mmaudeop@example.com,Female,989-670-9312
Nathanael,Arnal,narnaloq@nsw.gov.au,Male,755-308-8612
Sabrina,Snozzwell,ssnozzwellor@statcounter.com,Female,615-149-1512
Sada,Ten Broek,stenbroekos@vinaora.com,Female,232-465-3414
Cristy,Keijser,ckeijserot@time.com,Female,212-344-4317
Lancelot,Grimestone,lgrimestoneou@technorati.com,Male,163-364-3807
Packston,Twells,ptwellsov@trellian.com,Male,167-463-6206
Adella,Elsmor,aelsmorow@businessinsider.com,Female,577-793-1462
Sherrie,Lorence,slorenceox@skyrock.com,Female,112-826-7702
Nikki,Pikesley,npikesleyoy@google.fr,Male,775-239-0006
Gabriel,Phillips,gphillipsoz@google.es,Male,432-438-6655
Warner,Paolini,wpaolinip0@stanford.edu,Male,630-485-4266
Flynn,Doy,fdoyp1@paypal.com,Male,976-594-4107
Stirling,Davenhall,sdavenhallp2@google.com.br,Male,944-651-9176
Hollyanne,Stockhill,hstockhillp3@edublogs.org,Female,919-366-3952
Elihu,Harpham,eharphamp4@ucla.edu,Male,985-847-0132
Finn,Ghest,fghestp5@google.de,Male,600-551-2330
Giselbert,Varnes,gvarnesp6@icq.com,Male,392-400-6102
Sloan,Antony,santonyp7@deviantart.com,Male,278-769-7982
Care,Elldred,celldredp8@twitpic.com,Male,639-525-4305
Asia,Aers,aaersp9@printfriendly.com,Female,698-249-6096
Thelma,Westpfel,twestpfelpa@digg.com,Female,584-471-4854
Niles,Camilleri,ncamilleripb@hao123.com,Male,200-751-9188
Bell,Bushnell,bbushnellpc@gravatar.com,Female,195-742-9117
Pet,Peet,ppeetpd@wordpress.org,Female,610-978-0630
Clem,Mulmuray,cmulmuraype@over-blog.com,Female,128-279-2535
Timi,Matthis,tmatthispf@uiuc.edu,Female,303-676-5822
Nikolaus,Yakobowitch,nyakobowitchpg@xinhuanet.com,Male,858-763-0983
Ignace,Braghini,ibraghiniph@vk.com,Male,265-117-9382
Zerk,Rosenberg,zrosenbergpi@army.mil,Male,403-120-7797
Delilah,Birden,dbirdenpj@opera.com,Female,260-747-6378
Lev,Fawcitt,lfawcittpk@fastcompany.com,Male,577-694-0416
Fritz,Newcome,fnewcomepl@miitbeian.gov.cn,Male,477-815-3326
Querida,Blore,qblorepm@oakley.com,Female,301-246-7810
Gregorio,Duffield,gduffieldpn@addthis.com,Male,934-733-9103
Earlie,Ewings,eewingspo@reverbnation.com,Male,284-251-2601
Finley,Beckers,fbeckerspp@youku.com,Male,776-635-7264
Leopold,Kniveton,lknivetonpq@slashdot.org,Male,234-102-3752
Rem,McCahill,rmccahillpr@surveymonkey.com,Male,289-494-9088
Brynne,Tribble,btribbleps@mashable.com,Female,937-497-7295
Tressa,Jaques,tjaquespt@abc.net.au,Female,259-408-7771
Hector,Cuardall,hcuardallpu@wsj.com,Male,211-811-1937
Jdavie,de Najera,jdenajerapv@umich.edu,Male,939-484-8103
Floyd,Janew,fjanewpw@tripadvisor.com,Male,230-476-2265
Em,Schapiro,eschapiropx@istockphoto.com,Male,988-803-9779
Sergent,Belfrage,sbelfragepy@dagondesign.com,Male,787-522-1321
Britte,Iacoboni,biacobonipz@fda.gov,Female,538-427-0266
Verena,Corbyn,vcorbynq0@state.gov,Female,829-331-6277
Seth,Kubat,skubatq1@aol.com,Male,859-766-8458
Tonie,Alenikov,talenikovq2@istockphoto.com,Female,805-157-4765
Phylys,Novkovic,pnovkovicq3@exblog.jp,Female,749-173-7145
Fleurette,Gourlay,fgourlayq4@ovh.net,Female,319-329-1851
Celine,Harrowing,charrowingq5@issuu.com,Female,678-330-6527
Dollie,Hofton,dhoftonq6@baidu.com,Female,124-252-4210
Inessa,Brixham,ibrixhamq7@bigcartel.com,Female,689-971-3362
Gena,Mucillo,gmucilloq8@marriott.com,Female,622-979-5270
Hallsy,Idale,hidaleq9@tripod.com,Male,726-719-8626
Candis,Dowman,cdowmanqa@ebay.com,Female,992-466-3656
Claudius,Snowden,csnowdenqb@japanpost.jp,Male,536-120-2299
Shay,Hadden,shaddenqc@sciencedaily.com,Female,919-423-1416
Norbert,Kees,nkeesqd@eventbrite.com,Male,379-211-6943
Aurel,Jervois,ajervoisqe@myspace.com,Female,284-211-8801
Massimiliano,Bysaker,mbysakerqf@walmart.com,Male,644-761-7168
Laurens,Kaminski,lkaminskiqg@ca.gov,Male,761-913-4273
Nanete,Calam,ncalamqh@ning.com,Female,525-202-9223
Michele,Lorrimer,mlorrimerqi@businessinsider.com,Male,960-739-7452
Dunc,Rasch,draschqj@blogtalkradio.com,Male,129-864-1551
Osbert,Pauli,opauliqk@vinaora.com,Male,991-491-8896
Lotty,Mottley,lmottleyql@bandcamp.com,Female,391-520-3283
Franklin,Boddis,fboddisqm@privacy.gov.au,Male,910-727-2419
Stoddard,Cuolahan,scuolahanqn@fastcompany.com,Female,402-336-5165
Meredith,O'Farrell,mofarrellqo@nba.com,Male,385-569-8978
Nappie,Brasseur,nbrasseurqp@slashdot.org,Male,812-419-2621
Collette,Aldersea,calderseaqq@ucla.edu,Female,663-609-9143
Maurise,Brodhead,mbrodheadqr@jimdo.com,Male,242-307-8679
Pincus,Denyukin,pdenyukinqs@nymag.com,Male,913-111-4898
Fiona,Haygreen,fhaygreenqt@is.gd,Female,465-368-9234
Franny,Clawsley,fclawsleyqu@amazon.de,Male,223-139-7875
Felicity,Fowden,ffowdenqv@illinois.edu,Female,444-313-9786
Welby,Fonte,wfonteqw@miibeian.gov.cn,Male,981-299-6103
Dominick,Zuanazzi,dzuanazziqx@shutterfly.com,Male,320-578-3904
Valerie,Neaves,vneavesqy@wix.com,Female,889-618-1557
Rustie,Crunkhurn,rcrunkhurnqz@yelp.com,Male,571-484-7635
Dori,MacCurtain,dmaccurtainr0@telegraph.co.uk,Female,865-469-5770
Mavis,Speed,mspeedr1@state.gov,Female,722-128-0355
Lishe,Sydenham,lsydenhamr2@eepurl.com,Female,567-757-2979
Josie,Marrill,jmarrillr3@google.pl,Female,720-845-8411
Leonanie,Chesters,lchestersr4@digg.com,Female,522-514-3436
Stacee,Panas,spanasr5@shutterfly.com,Female,707-763-8041
Sibel,Freckelton,sfreckeltonr6@chronoengine.com,Female,670-469-3259
Emelen,Glassborow,eglassborowr7@homestead.com,Male,165-238-2908
Kailey,Molyneux,kmolyneuxr8@odnoklassniki.ru,Female,968-678-8432
Robbert,Appleby,rapplebyr9@nyu.edu,Male,897-921-4974
Brice,Barday,bbardayra@pinterest.com,Male,511-102-9225
Leese,Lamplough,llamploughrb@tamu.edu,Female,607-657-0375
Albrecht,Maclean,amacleanrc@hc360.com,Male,801-439-9599
Trula,Leyrroyd,tleyrroydrd@live.com,Female,363-919-9338
Sonja,Hamerton,shamertonre@comcast.net,Female,747-942-5203
Kayne,Thurlbeck,kthurlbeckrf@pagesperso-orange.fr,Male,483-434-3050
Timmi,Ivashkin,tivashkinrg@vk.com,Female,462-140-4018
Whitney,Schops,wschopsrh@bizjournals.com,Male,203-501-1432
Wendi,Concannon,wconcannonri@microsoft.com,Female,372-445-9196
Dru,Rolfini,drolfinirj@theguardian.com,Female,188-516-6007
Euphemia,Mounsey,emounseyrk@nba.com,Female,182-481-2184
Layne,Enefer,leneferrl@youku.com,Female,824-289-1797
Merle,McVitty,mmcvittyrm@eepurl.com,Female,942-776-0498
Robbie,Springtorpe,rspringtorpern@vkontakte.ru,Female,486-732-8253
Carolan,Unworth,cunworthro@blogger.com,Female,538-184-3249
Baryram,Keyho,bkeyhorp@naver.com,Male,357-648-4545
Elwood,Sellor,esellorrq@fc2.com,Male,330-128-9716
Whitney,O'Criane,wocrianerr@dedecms.com,Male,841-798-2099
